Workbook
Name bauemissionen_real: 'Mapping RealwerteSpielwerte'!$B$6
Name COP_0: 'Mapping RealwerteSpielwerte'!$D$29
Name COP_1: 'Mapping RealwerteSpielwerte'!$D$30
Name COP_2: 'Mapping RealwerteSpielwerte'!$D$31
Name COP_3: 'Mapping RealwerteSpielwerte'!$D$32
Name COP_4: 'Mapping RealwerteSpielwerte'!$D$33
Name COP_5: 'Mapping RealwerteSpielwerte'!$D$34
Name heizkosten_baseline: 'Mapping RealwerteSpielwerte'!$C$28
Name kgemission_per_sp: 'Mapping RealwerteSpielwerte'!$D$4
Name kosten_bio: 'Mapping RealwerteSpielwerte'!$D$24
Name kosten_fw: 'Mapping RealwerteSpielwerte'!$D$25
Name kosten_gas: 'Mapping RealwerteSpielwerte'!$D$23
Name kosten_gruengas: 'Mapping RealwerteSpielwerte'!$D$26
Name kosten_netzstrom: 'Mapping RealwerteSpielwerte'!$D$27
Name real_zu_spiel_emissionsintensität_1: 'Mapping RealwerteSpielwerte'!$D$13
Name real_zu_spiel_emissionsintensität_2: 'Mapping RealwerteSpielwerte'!$D$14
Name real_zu_spiel_emissionsintensität_3: 'Mapping RealwerteSpielwerte'!$D$15
Name real_zu_spiel_emissionsintensität_4: 'Mapping RealwerteSpielwerte'!$D$16
Name real_zu_spiel_emissionsintensität_5: 'Mapping RealwerteSpielwerte'!$D$17
Name real_zu_spiel_netzbezug: 'Mapping RealwerteSpielwerte'!$D$10
Name real_zu_spiel_strombedarf: 'Mapping RealwerteSpielwerte'!$D$7
Name real_zu_spiel_stromproduktion: 'Mapping RealwerteSpielwerte'!$D$8
Name real_zu_spiel_stromspeicher: 'Mapping RealwerteSpielwerte'!$D$9
Name years_per_round: 'Mapping RealwerteSpielwerte'!$B$2

Sheet Massnahmenkarten Spielwerte
A1: Name | B1: Slot/Stapel | C1: Count | D1: Heizsystem | E1: Kosten | F1: BauEmissionen | G1: SofortCO2 | H1: Strombedarf | I1: Stromproduktion | J1: Stromspeicher | K1: Wärmeschutz | L1: Wärmepumpen-Effizienz | M1: Zufriedenheit | N1: SofortBudget | O1: REAL Kosten | P1: REAL BauEmissionen | Q1: REAL Sofort CO2 | R1: REAL Strombedarf | S1: REAL Stromproduktion | T1: REAL Stromspeicher | U1: REAL Wärmeschutz | V1: REAL Wärmepumpen-Effizienz | W1: Voraussetzung Spalte | X1: Voraussetzung Wert | Y1: Voraussetzung Wert NICHT | Z1: EffektParsed | AA1: Beschreibung
A2: Balkonkraftwerk | B2: *Effizienz | C2: 1 | E2: 0 | G2: =Table1[[#This Row],[REAL Sofort CO2]]/kgemission_per_sp -> 0 | H2: =Table1[[#This Row],[REAL Strombedarf]]/real_zu_spiel_strombedarf -> 0 | I2: =Table1[[#This Row],[REAL Stromproduktion]]/real_zu_spiel_stromproduktion -> 1 | J2: =Table1[[#This Row],[REAL Stromspeicher]]/real_zu_spiel_stromspeicher -> 0 | S2: 5 | Z2: =_xlfn.TEXTJOIN( "XX", TRUE, IF(OR(F2="",F2=0),"",REPT(IF(F2>0,"EN","EM"),ABS(F2))), IF(OR(H2="",H2=0),"",REPT(IF(H2>0,"BM","BP"),ABS(H2))), REPT("SP",I2), REPT("FL",J2), REPT("WS",K2), REPT("EF",L2), IF(OR(M2="",M2=0),"",REPT(IF(M2>0,"ZU","ZM"),ABS(M2))), IF(D2="FW","XXFW",IF(D2="BIO","XXBI",IF(D2="ABWWP","XXWP",IF(D2="WP","XXWP",IF(D2="GG","XXGG",""))))) ) -> SP | AA2: =CHAR(34)&VLOOKUP(Table1[[#This Row],[Name]],'Massnahmenkarten Texte'!A:C,3,FALSE)&CHAR(34) -> "Ein Balkonkraftwerk hat nur maximal 800 Watt (etwa zwei Paneele), bietet aber den Vorteil einer einfacheren Installation und Bedienung."
A3: E-Herd | B3: *Effizienz | C3: 1 | E3: 1 | F3: -4 | G3: =Table1[[#This Row],[REAL Sofort CO2]]/kgemission_per_sp -> 0 | H3: =Table1[[#This Row],[REAL Strombedarf]]/real_zu_spiel_strombedarf -> 1 | I3: =Table1[[#This Row],[REAL Stromproduktion]]/real_zu_spiel_stromproduktion -> 0 | J3: =Table1[[#This Row],[REAL Stromspeicher]]/real_zu_spiel_stromspeicher -> 0 | P3: -5 | R3: 5 | Z3: =_xlfn.TEXTJOIN( "XX", TRUE, IF(OR(F3="",F3=0),"",REPT(IF(F3>0,"EN","EM"),ABS(F3))), IF(OR(H3="",H3=0),"",REPT(IF(H3>0,"BM","BP"),ABS(H3))), REPT("SP",I3), REPT("FL",J3), REPT("WS",K3), REPT("EF",L3), IF(OR(M3="",M3=0),"",REPT(IF(M3>0,"ZU","ZM"),ABS(M3))), IF(D3="FW","XXFW",IF(D3="BIO","XXBI",IF(D3="ABWWP","XXWP",IF(D3="WP","XXWP",IF(D3="GG","XXGG",""))))) ) -> EMEMEMEMXXBM | AA3: =CHAR(34)&VLOOKUP(Table1[[#This Row],[Name]],'Massnahmenkarten Texte'!A:C,3,FALSE)&CHAR(34) -> "Ein E-Herd ersetzt das Kochen mit Gas und reduziert damit die direkte Nutzung fossiler Energie in der Wohnung. Er erhöht den Strombedarf etwas, ist aber einfach umsetzbar und verbessert die Alltagstauglichkeit eines vollständig elektrifizierten Gebäudes."
A4: Fassadenintegrierte PV | B4: *Effizienz | C4: 1 | E4: 3 | G4: =Table1[[#This Row],[REAL Sofort CO2]]/kgemission_per_sp -> 0 | H4: =Table1[[#This Row],[REAL Strombedarf]]/real_zu_spiel_strombedarf -> 0 | I4: =Table1[[#This Row],[REAL Stromproduktion]]/real_zu_spiel_stromproduktion -> 4 | J4: =Table1[[#This Row],[REAL Stromspeicher]]/real_zu_spiel_stromspeicher -> 0 | S4: 20 | W4: Name | Y4: Fassadenbegrünung | Z4: =_xlfn.TEXTJOIN( "XX", TRUE, IF(OR(F4="",F4=0),"",REPT(IF(F4>0,"EN","EM"),ABS(F4))), IF(OR(H4="",H4=0),"",REPT(IF(H4>0,"BM","BP"),ABS(H4))), REPT("SP",I4), REPT("FL",J4), REPT("WS",K4), REPT("EF",L4), IF(OR(M4="",M4=0),"",REPT(IF(M4>0,"ZU","ZM"),ABS(M4))), IF(D4="FW","XXFW",IF(D4="BIO","XXBI",IF(D4="ABWWP","XXWP",IF(D4="WP","XXWP",IF(D4="GG","XXGG",""))))) ) -> SPSPSPSP | AA4: =CHAR(34)&VLOOKUP(Table1[[#This Row],[Name]],'Massnahmenkarten Texte'!A:C,3,FALSE)&CHAR(34) -> "Fassaden-PV nutzt zusätzlich zur Dachfläche auch die Gebäudehülle zur Stromerzeugung. Sie ist teurer und stärker von Orientierung, Verschattung und Gestaltung abhängig, kann aber zusätzliche Emissionen einsparen, wenn das Dachpotenzial begrenzt ist."
A5: LED Beleuchtung | B5: *Effizienz | C5: 1 | E5: 1 | G5: =Table1[[#This Row],[REAL Sofort CO2]]/kgemission_per_sp -> 0 | H5: =Table1[[#This Row],[REAL Strombedarf]]/real_zu_spiel_strombedarf -> -1 | I5: =Table1[[#This Row],[REAL Stromproduktion]]/real_zu_spiel_stromproduktion -> 0 | J5: =Table1[[#This Row],[REAL Stromspeicher]]/real_zu_spiel_stromspeicher -> 0 | R5: -5 | Z5: =_xlfn.TEXTJOIN( "XX", TRUE, IF(OR(F5="",F5=0),"",REPT(IF(F5>0,"EN","EM"),ABS(F5))), IF(OR(H5="",H5=0),"",REPT(IF(H5>0,"BM","BP"),ABS(H5))), REPT("SP",I5), REPT("FL",J5), REPT("WS",K5), REPT("EF",L5), IF(OR(M5="",M5=0),"",REPT(IF(M5>0,"ZU","ZM"),ABS(M5))), IF(D5="FW","XXFW",IF(D5="BIO","XXBI",IF(D5="ABWWP","XXWP",IF(D5="WP","XXWP",IF(D5="GG","XXGG",""))))) ) -> BP | AA5: =CHAR(34)&VLOOKUP(Table1[[#This Row],[Name]],'Massnahmenkarten Texte'!A:C,3,FALSE)&CHAR(34) -> "LED-Beleuchtung ersetzt alte Leuchtmittel und senkt den Strombedarf für Beleuchtung deutlich. Sie ist günstig, einfach umzusetzen und verbessert je nach Bestand auch Lichtqualität und Nutzerzufriedenheit."
A6: Wärmerückgewinnung des Duschwassers | B6: *Effizienz | C6: 1 | E6: 1 | G6: =Table1[[#This Row],[REAL Sofort CO2]]/kgemission_per_sp -> 0 | H6: =Table1[[#This Row],[REAL Strombedarf]]/real_zu_spiel_strombedarf -> 0 | I6: =Table1[[#This Row],[REAL Stromproduktion]]/real_zu_spiel_stromproduktion -> 0 | J6: =Table1[[#This Row],[REAL Stromspeicher]]/real_zu_spiel_stromspeicher -> 0 | L6: 1 | R6: 0 | V6: 1 | W6: Heizsystem | X6: WP | Z6: =_xlfn.TEXTJOIN( "XX", TRUE, IF(OR(F6="",F6=0),"",REPT(IF(F6>0,"EN","EM"),ABS(F6))), IF(OR(H6="",H6=0),"",REPT(IF(H6>0,"BM","BP"),ABS(H6))), REPT("SP",I6), REPT("FL",J6), REPT("WS",K6), REPT("EF",L6), IF(OR(M6="",M6=0),"",REPT(IF(M6>0,"ZU","ZM"),ABS(M6))), IF(D6="FW","XXFW",IF(D6="BIO","XXBI",IF(D6="ABWWP","XXWP",IF(D6="WP","XXWP",IF(D6="GG","XXGG",""))))) ) -> EF | AA6: =CHAR(34)&VLOOKUP(Table1[[#This Row],[Name]],'Massnahmenkarten Texte'!A:C,3,FALSE)&CHAR(34) -> "Die Wärme des abfließenden Duschwassers wird genutzt, um frisches Wasser vorzuwärmen. Dadurch müssen Wärmepumpen weniger leisten und arbeitet effizienter, der Einbau ist aber technisch nur bei passenden Leitungswegen sinnvoll."
A7: Bi-Direktionelles Laden | B7: *Flexibilität | C7: 1 | E7: 0 | G7: =Table1[[#This Row],[REAL Sofort CO2]]/kgemission_per_sp -> 0 | H7: =Table1[[#This Row],[REAL Strombedarf]]/real_zu_spiel_strombedarf -> -2 | I7: =Table1[[#This Row],[REAL Stromproduktion]]/real_zu_spiel_stromproduktion -> 0 | J7: =Table1[[#This Row],[REAL Stromspeicher]]/real_zu_spiel_stromspeicher -> 4 | M7: -1 | R7: -10 | T7: 20 | W7: Name | X7: E-Car Lade-Infrastruktur | Z7: =_xlfn.TEXTJOIN( "XX", TRUE, IF(OR(F7="",F7=0),"",REPT(IF(F7>0,"EN","EM"),ABS(F7))), IF(OR(H7="",H7=0),"",REPT(IF(H7>0,"BM","BP"),ABS(H7))), REPT("SP",I7), REPT("FL",J7), REPT("WS",K7), REPT("EF",L7), IF(OR(M7="",M7=0),"",REPT(IF(M7>0,"ZU","ZM"),ABS(M7))), IF(D7="FW","XXFW",IF(D7="BIO","XXBI",IF(D7="ABWWP","XXWP",IF(D7="WP","XXWP",IF(D7="GG","XXGG",""))))) ) -> BPBPXXFLFLFLFLXXZM | AA7: =CHAR(34)&VLOOKUP(Table1[[#This Row],[Name]],'Massnahmenkarten Texte'!A:C,3,FALSE)&CHAR(34) -> "Ermöglicht die Lastverschiebung über den elektrischen Speicher der E-Auto-Batterie, der Abends wieder teilweise entladen wird. Die Unterstützung der Nutzer ist allerdings nötig."
A8: Effiziente Haushaltsgeräte | B8: *Flexibilität | C8: 1 | E8: 1 | G8: =Table1[[#This Row],[REAL Sofort CO2]]/kgemission_per_sp -> 0 | H8: =Table1[[#This Row],[REAL Strombedarf]]/real_zu_spiel_strombedarf -> -1 | I8: =Table1[[#This Row],[REAL Stromproduktion]]/real_zu_spiel_stromproduktion -> 0 | J8: =Table1[[#This Row],[REAL Stromspeicher]]/real_zu_spiel_stromspeicher -> 0 | R8: -5 | W8: Heizsystem | X8: WP | Z8: =_xlfn.TEXTJOIN( "XX", TRUE, IF(OR(F8="",F8=0),"",REPT(IF(F8>0,"EN","EM"),ABS(F8))), IF(OR(H8="",H8=0),"",REPT(IF(H8>0,"BM","BP"),ABS(H8))), REPT("SP",I8), REPT("FL",J8), REPT("WS",K8), REPT("EF",L8), IF(OR(M8="",M8=0),"",REPT(IF(M8>0,"ZU","ZM"),ABS(M8))), IF(D8="FW","XXFW",IF(D8="BIO","XXBI",IF(D8="ABWWP","XXWP",IF(D8="WP","XXWP",IF(D8="GG","XXGG",""))))) ) -> BP | AA8: =CHAR(34)&VLOOKUP(Table1[[#This Row],[Name]],'Massnahmenkarten Texte'!A:C,3,FALSE)&CHAR(34) -> "Effizienteste Haushaltsgeräte können den dStromverbrauch deutlich reduzieren"
A9: Flexibles Lastmanagement | B9: *Flexibilität | C9: 1 | E9: 0 | G9: =Table1[[#This Row],[REAL Sofort CO2]]/kgemission_per_sp -> 0 | H9: =Table1[[#This Row],[REAL Strombedarf]]/real_zu_spiel_strombedarf -> 1 | I9: =Table1[[#This Row],[REAL Stromproduktion]]/real_zu_spiel_stromproduktion -> 0 | J9: =Table1[[#This Row],[REAL Stromspeicher]]/real_zu_spiel_stromspeicher -> 4 | M9: -1 | R9: 5 | T9: 20 | Z9: =_xlfn.TEXTJOIN( "XX", TRUE, IF(OR(F9="",F9=0),"",REPT(IF(F9>0,"EN","EM"),ABS(F9))), IF(OR(H9="",H9=0),"",REPT(IF(H9>0,"BM","BP"),ABS(H9))), REPT("SP",I9), REPT("FL",J9), REPT("WS",K9), REPT("EF",L9), IF(OR(M9="",M9=0),"",REPT(IF(M9>0,"ZU","ZM"),ABS(M9))), IF(D9="FW","XXFW",IF(D9="BIO","XXBI",IF(D9="ABWWP","XXWP",IF(D9="WP","XXWP",IF(D9="GG","XXGG",""))))) ) -> BMXXFLFLFLFLXXZM | AA9: =CHAR(34)&VLOOKUP(Table1[[#This Row],[Name]],'Massnahmenkarten Texte'!A:C,3,FALSE)&CHAR(34) -> "Wenn die Nutzer mitspielen, können Verbraucher wie Waschmaschinen oder Geschirrspüler dann einschalten, wenn Erneuerbare zur Verfügung stehen."
A10: Grosser Batteriespeicher | B10: *Flexibilität | C10: 1 | E10: 2 | G10: =Table1[[#This Row],[REAL Sofort CO2]]/kgemission_per_sp -> 0 | H10: =Table1[[#This Row],[REAL Strombedarf]]/real_zu_spiel_strombedarf -> 0 | I10: =Table1[[#This Row],[REAL Stromproduktion]]/real_zu_spiel_stromproduktion -> 0 | J10: =Table1[[#This Row],[REAL Stromspeicher]]/real_zu_spiel_stromspeicher -> 5 | R10: 0 | T10: 25 | W10: Name | Y10: Kleiner Heimspeicher | Z10: =_xlfn.TEXTJOIN( "XX", TRUE, IF(OR(F10="",F10=0),"",REPT(IF(F10>0,"EN","EM"),ABS(F10))), IF(OR(H10="",H10=0),"",REPT(IF(H10>0,"BM","BP"),ABS(H10))), REPT("SP",I10), REPT("FL",J10), REPT("WS",K10), REPT("EF",L10), IF(OR(M10="",M10=0),"",REPT(IF(M10>0,"ZU","ZM"),ABS(M10))), IF(D10="FW","XXFW",IF(D10="BIO","XXBI",IF(D10="ABWWP","XXWP",IF(D10="WP","XXWP",IF(D10="GG","XXGG",""))))) ) -> FLFLFLFLFL | AA10: =CHAR(34)&VLOOKUP(Table1[[#This Row],[Name]],'Massnahmenkarten Texte'!A:C,3,FALSE)&CHAR(34) -> "Batteriespeicher werden immer günstiger. Sie können den eigenen PV-Strom in den Abend retten und vermeiden so dreckigeren Netzbezug."
A11: Kleiner Heimspeicher | B11: *Flexibilität | C11: 1 | E11: 1 | G11: =Table1[[#This Row],[REAL Sofort CO2]]/kgemission_per_sp -> 0 | H11: =Table1[[#This Row],[REAL Strombedarf]]/real_zu_spiel_strombedarf -> 0 | I11: =Table1[[#This Row],[REAL Stromproduktion]]/real_zu_spiel_stromproduktion -> 0 | J11: =Table1[[#This Row],[REAL Stromspeicher]]/real_zu_spiel_stromspeicher -> 2 | T11: 10 | W11: Name | Y11: Grosser Batteriespeicher | Z11: =_xlfn.TEXTJOIN( "XX", TRUE, IF(OR(F11="",F11=0),"",REPT(IF(F11>0,"EN","EM"),ABS(F11))), IF(OR(H11="",H11=0),"",REPT(IF(H11>0,"BM","BP"),ABS(H11))), REPT("SP",I11), REPT("FL",J11), REPT("WS",K11), REPT("EF",L11), IF(OR(M11="",M11=0),"",REPT(IF(M11>0,"ZU","ZM"),ABS(M11))), IF(D11="FW","XXFW",IF(D11="BIO","XXBI",IF(D11="ABWWP","XXWP",IF(D11="WP","XXWP",IF(D11="GG","XXGG",""))))) ) -> FLFL | AA11: =CHAR(34)&VLOOKUP(Table1[[#This Row],[Name]],'Massnahmenkarten Texte'!A:C,3,FALSE)&CHAR(34) -> "Batteriespeicher werden immer günstiger. Sie können den eigenen PV-Strom in den Abend retten und vermeiden so dreckigeren Netzbezug."
A12: Thermische Flexibilität | B12: *Flexibilität | C12: 1 | E12: 0 | G12: =Table1[[#This Row],[REAL Sofort CO2]]/kgemission_per_sp -> 0 | H12: =Table1[[#This Row],[REAL Strombedarf]]/real_zu_spiel_strombedarf -> 0 | I12: =Table1[[#This Row],[REAL Stromproduktion]]/real_zu_spiel_stromproduktion -> 0 | J12: =Table1[[#This Row],[REAL Stromspeicher]]/real_zu_spiel_stromspeicher -> 2 | M12: -1 | T12: 10 | W12: Heizsystem | X12: WP | Z12: =_xlfn.TEXTJOIN( "XX", TRUE, IF(OR(F12="",F12=0),"",REPT(IF(F12>0,"EN","EM"),ABS(F12))), IF(OR(H12="",H12=0),"",REPT(IF(H12>0,"BM","BP"),ABS(H12))), REPT("SP",I12), REPT("FL",J12), REPT("WS",K12), REPT("EF",L12), IF(OR(M12="",M12=0),"",REPT(IF(M12>0,"ZU","ZM"),ABS(M12))), IF(D12="FW","XXFW",IF(D12="BIO","XXBI",IF(D12="ABWWP","XXWP",IF(D12="WP","XXWP",IF(D12="GG","XXGG",""))))) ) -> FLFLXXZM | AA12: =CHAR(34)&VLOOKUP(Table1[[#This Row],[Name]],'Massnahmenkarten Texte'!A:C,3,FALSE)&CHAR(34) -> "Wenn die Nutzer es zulassen, können Wärmepumpen zusätzlichen Strom im Gebäude als Wärme (oder im Sommer durch zusätzliche Kühlung) speichern. So lassen sich noch mehr Erneuerbare einsetzen."
A13: Balkon-Einbau | B13: *Zufriedenheit | C13: 1 | E13: 1 | G13: =Table1[[#This Row],[REAL Sofort CO2]]/kgemission_per_sp -> 10 | H13: =Table1[[#This Row],[REAL Strombedarf]]/real_zu_spiel_strombedarf -> 0 | I13: =Table1[[#This Row],[REAL Stromproduktion]]/real_zu_spiel_stromproduktion -> 0 | J13: =Table1[[#This Row],[REAL Stromspeicher]]/real_zu_spiel_stromspeicher -> 0 | M13: 1 | Q13: 10 | Z13: =_xlfn.TEXTJOIN( "XX", TRUE, IF(OR(F13="",F13=0),"",REPT(IF(F13>0,"EN","EM"),ABS(F13))), IF(OR(H13="",H13=0),"",REPT(IF(H13>0,"BM","BP"),ABS(H13))), REPT("SP",I13), REPT("FL",J13), REPT("WS",K13), REPT("EF",L13), IF(OR(M13="",M13=0),"",REPT(IF(M13>0,"ZU","ZM"),ABS(M13))), IF(D13="FW","XXFW",IF(D13="BIO","XXBI",IF(D13="ABWWP","XXWP",IF(D13="WP","XXWP",IF(D13="GG","XXGG",""))))) ) -> ZU | AA13: =CHAR(34)&VLOOKUP(Table1[[#This Row],[Name]],'Massnahmenkarten Texte'!A:C,3,FALSE)&CHAR(34) -> "Ein Balkon erhöht die Wohnqualität und schafft privaten Freiraum im Bestand. Er bringt Zufriedenheit, verursacht aber zusätzliche Kosten und etwas graue Emissionen durch die neue Konstruktion."
A14: Barrierefreier Zugang | B14: *Zufriedenheit | C14: 1 | E14: 1 | G14: =Table1[[#This Row],[REAL Sofort CO2]]/kgemission_per_sp -> 0 | H14: =Table1[[#This Row],[REAL Strombedarf]]/real_zu_spiel_strombedarf -> 0 | I14: =Table1[[#This Row],[REAL Stromproduktion]]/real_zu_spiel_stromproduktion -> 0 | J14: =Table1[[#This Row],[REAL Stromspeicher]]/real_zu_spiel_stromspeicher -> 0 | M14: 1 | Z14: =_xlfn.TEXTJOIN( "XX", TRUE, IF(OR(F14="",F14=0),"",REPT(IF(F14>0,"EN","EM"),ABS(F14))), IF(OR(H14="",H14=0),"",REPT(IF(H14>0,"BM","BP"),ABS(H14))), REPT("SP",I14), REPT("FL",J14), REPT("WS",K14), REPT("EF",L14), IF(OR(M14="",M14=0),"",REPT(IF(M14>0,"ZU","ZM"),ABS(M14))), IF(D14="FW","XXFW",IF(D14="BIO","XXBI",IF(D14="ABWWP","XXWP",IF(D14="WP","XXWP",IF(D14="GG","XXGG",""))))) ) -> ZU | AA14: =CHAR(34)&VLOOKUP(Table1[[#This Row],[Name]],'Massnahmenkarten Texte'!A:C,3,FALSE)&CHAR(34) -> "Ein barrierefreier Zugang macht das Gebäude für alle einfacher und sicherer nutzbar, besonders mit Kinderwagen, Rollstuhl oder Gehhilfe. Er erhöht die Nutzerzufriedenheit spürbar, verursacht aber je nach Bestand baulichen Aufwand und Kosten."
A15: E-Car Lade-Infrastruktur | B15: *Zufriedenheit | C15: 1 | E15: 1 | G15: =Table1[[#This Row],[REAL Sofort CO2]]/kgemission_per_sp -> 0 | H15: =Table1[[#This Row],[REAL Strombedarf]]/real_zu_spiel_strombedarf -> 4 | I15: =Table1[[#This Row],[REAL Stromproduktion]]/real_zu_spiel_stromproduktion -> 0 | J15: =Table1[[#This Row],[REAL Stromspeicher]]/real_zu_spiel_stromspeicher -> 6 | M15: 1 | R15: 20 | T15: 30 | Z15: =_xlfn.TEXTJOIN( "XX", TRUE, IF(OR(F15="",F15=0),"",REPT(IF(F15>0,"EN","EM"),ABS(F15))), IF(OR(H15="",H15=0),"",REPT(IF(H15>0,"BM","BP"),ABS(H15))), REPT("SP",I15), REPT("FL",J15), REPT("WS",K15), REPT("EF",L15), IF(OR(M15="",M15=0),"",REPT(IF(M15>0,"ZU","ZM"),ABS(M15))), IF(D15="FW","XXFW",IF(D15="BIO","XXBI",IF(D15="ABWWP","XXWP",IF(D15="WP","XXWP",IF(D15="GG","XXGG",""))))) ) -> BMBMBMBMXXFLFLFLFLFLFLXXZU | AA15: =CHAR(34)&VLOOKUP(Table1[[#This Row],[Name]],'Massnahmenkarten Texte'!A:C,3,FALSE)&CHAR(34) -> "Ladepunkte machen das Gebäude attraktiver für Nutzer:innen mit E-Autos. Sie steigern den Strombedarf, können aber auch als flexible Speichermöglichkeit genutzt werden (in Kombination mit "Bi-Direktionalem Laden")."
A16: Fassadenbegrünung | B16: *Zufriedenheit | C16: 1 | E16: 2 | F16: 0 | G16: =Table1[[#This Row],[REAL Sofort CO2]]/kgemission_per_sp -> 0 | H16: =Table1[[#This Row],[REAL Strombedarf]]/real_zu_spiel_strombedarf -> 0 | I16: =Table1[[#This Row],[REAL Stromproduktion]]/real_zu_spiel_stromproduktion -> 0 | J16: =Table1[[#This Row],[REAL Stromspeicher]]/real_zu_spiel_stromspeicher -> 0 | M16: 1 | R16: 0 | W16: Name | Y16: Fassadenintegrierte PV | Z16: =_xlfn.TEXTJOIN( "XX", TRUE, IF(OR(F16="",F16=0),"",REPT(IF(F16>0,"EN","EM"),ABS(F16))), IF(OR(H16="",H16=0),"",REPT(IF(H16>0,"BM","BP"),ABS(H16))), REPT("SP",I16), REPT("FL",J16), REPT("WS",K16), REPT("EF",L16), IF(OR(M16="",M16=0),"",REPT(IF(M16>0,"ZU","ZM"),ABS(M16))), IF(D16="FW","XXFW",IF(D16="BIO","XXBI",IF(D16="ABWWP","XXWP",IF(D16="WP","XXWP",IF(D16="GG","XXGG",""))))) ) -> ZU | AA16: =CHAR(34)&VLOOKUP(Table1[[#This Row],[Name]],'Massnahmenkarten Texte'!A:C,3,FALSE)&CHAR(34) -> "Begrünte Fassaden verbessern das Mikroklima, spenden Schatten und machen das Gebäude attraktiver. Sie erhöhen die Nutzerzufriedenheit leicht und helfen, Emissionen durch geringeren Kühlbedarf etwas zu senken."
A17: Intensive Dachbegrünung | B17: *Zufriedenheit | C17: 1 | E17: 2 | F17: -1 | G17: =Table1[[#This Row],[REAL Sofort CO2]]/kgemission_per_sp -> 0 | H17: =Table1[[#This Row],[REAL Strombedarf]]/real_zu_spiel_strombedarf -> 0 | I17: =Table1[[#This Row],[REAL Stromproduktion]]/real_zu_spiel_stromproduktion -> 0 | J17: =Table1[[#This Row],[REAL Stromspeicher]]/real_zu_spiel_stromspeicher -> 0 | K17: 1 | R17: 0 | U17: 1 | Z17: =_xlfn.TEXTJOIN( "XX", TRUE, IF(OR(F17="",F17=0),"",REPT(IF(F17>0,"EN","EM"),ABS(F17))), IF(OR(H17="",H17=0),"",REPT(IF(H17>0,"BM","BP"),ABS(H17))), REPT("SP",I17), REPT("FL",J17), REPT("WS",K17), REPT("EF",L17), IF(OR(M17="",M17=0),"",REPT(IF(M17>0,"ZU","ZM"),ABS(M17))), IF(D17="FW","XXFW",IF(D17="BIO","XXBI",IF(D17="ABWWP","XXWP",IF(D17="WP","XXWP",IF(D17="GG","XXGG",""))))) ) -> EMXXWS | AA17: =CHAR(34)&VLOOKUP(Table1[[#This Row],[Name]],'Massnahmenkarten Texte'!A:C,3,FALSE)&CHAR(34) -> "Substrat für grosse Pflanzen und Bäume. Bietet etwas Kohlenstoffspeicherung und Wärmeschutz, dafür aufwendiger in der Pflege."
A18: Lift-Einbau | B18: *Zufriedenheit | C18: 1 | E18: 2 | G18: =Table1[[#This Row],[REAL Sofort CO2]]/kgemission_per_sp -> 10 | H18: =Table1[[#This Row],[REAL Strombedarf]]/real_zu_spiel_strombedarf -> 1 | I18: =Table1[[#This Row],[REAL Stromproduktion]]/real_zu_spiel_stromproduktion -> 0 | J18: =Table1[[#This Row],[REAL Stromspeicher]]/real_zu_spiel_stromspeicher -> 0 | M18: 2 | Q18: 10 | R18: 5 | Z18: =_xlfn.TEXTJOIN( "XX", TRUE, IF(OR(F18="",F18=0),"",REPT(IF(F18>0,"EN","EM"),ABS(F18))), IF(OR(H18="",H18=0),"",REPT(IF(H18>0,"BM","BP"),ABS(H18))), REPT("SP",I18), REPT("FL",J18), REPT("WS",K18), REPT("EF",L18), IF(OR(M18="",M18=0),"",REPT(IF(M18>0,"ZU","ZM"),ABS(M18))), IF(D18="FW","XXFW",IF(D18="BIO","XXBI",IF(D18="ABWWP","XXWP",IF(D18="WP","XXWP",IF(D18="GG","XXGG",""))))) ) -> BMXXZUZU | AA18: =CHAR(34)&VLOOKUP(Table1[[#This Row],[Name]],'Massnahmenkarten Texte'!A:C,3,FALSE)&CHAR(34) -> "Ein Lift macht das Gebäude komfortabler und auch im Alter oder bei eingeschränkter Mobilität gut nutzbar. Er bringt viel Nutzerzufriedenheit, ist aber teuer und erfordert größere bauliche Eingriffe."
A19: Außenliegender Sonnenschutz | B19: *Zufriedenheit | C19: 1 | E19: 1 | G19: =Table1[[#This Row],[REAL Sofort CO2]]/kgemission_per_sp -> 0 | H19: =Table1[[#This Row],[REAL Strombedarf]]/real_zu_spiel_strombedarf -> 0 | I19: =Table1[[#This Row],[REAL Stromproduktion]]/real_zu_spiel_stromproduktion -> 0 | J19: =Table1[[#This Row],[REAL Stromspeicher]]/real_zu_spiel_stromspeicher -> 0 | M19: 1 | V19: 1 | Z19: =_xlfn.TEXTJOIN( "XX", TRUE, IF(OR(F19="",F19=0),"",REPT(IF(F19>0,"EN","EM"),ABS(F19))), IF(OR(H19="",H19=0),"",REPT(IF(H19>0,"BM","BP"),ABS(H19))), REPT("SP",I19), REPT("FL",J19), REPT("WS",K19), REPT("EF",L19), IF(OR(M19="",M19=0),"",REPT(IF(M19>0,"ZU","ZM"),ABS(M19))), IF(D19="FW","XXFW",IF(D19="BIO","XXBI",IF(D19="ABWWP","XXWP",IF(D19="WP","XXWP",IF(D19="GG","XXGG",""))))) ) -> ZU | AA19: =CHAR(34)&VLOOKUP(Table1[[#This Row],[Name]],'Massnahmenkarten Texte'!A:C,3,FALSE)&CHAR(34) -> "Reduziert die Sonneneinstrahlung und damit die nötige Kühlenergie im Sommer."
A20: Deckenheizung | B20: Abgabe | C20: 1 | E20: 2 | G20: =Table1[[#This Row],[REAL Sofort CO2]]/kgemission_per_sp -> 0 | H20: =Table1[[#This Row],[REAL Strombedarf]]/real_zu_spiel_strombedarf -> 0 | I20: =Table1[[#This Row],[REAL Stromproduktion]]/real_zu_spiel_stromproduktion -> 0 | J20: =Table1[[#This Row],[REAL Stromspeicher]]/real_zu_spiel_stromspeicher -> 0 | L20: 2 | R20: 0 | V20: 2 | Z20: =_xlfn.TEXTJOIN( "XX", TRUE, IF(OR(F20="",F20=0),"",REPT(IF(F20>0,"EN","EM"),ABS(F20))), IF(OR(H20="",H20=0),"",REPT(IF(H20>0,"BM","BP"),ABS(H20))), REPT("SP",I20), REPT("FL",J20), REPT("WS",K20), REPT("EF",L20), IF(OR(M20="",M20=0),"",REPT(IF(M20>0,"ZU","ZM"),ABS(M20))), IF(D20="FW","XXFW",IF(D20="BIO","XXBI",IF(D20="ABWWP","XXWP",IF(D20="WP","XXWP",IF(D20="GG","XXGG",""))))) ) -> EFEF | AA20: =CHAR(34)&VLOOKUP(Table1[[#This Row],[Name]],'Massnahmenkarten Texte'!A:C,3,FALSE)&CHAR(34) -> "Eine Deckenheizung gibt Wärme über große Flächen ab und ermöglicht niedrige Vorlauftemperaturen. Dadurch arbeiten Wärmepumpen effizienter, während Planung, Regelung und Nutzerakzeptanz gut gelöst werden müssen."
A21: Fussbodenheizung | B21: Abgabe | C21: 1 | E21: 3 | G21: =Table1[[#This Row],[REAL Sofort CO2]]/kgemission_per_sp -> 0 | H21: =Table1[[#This Row],[REAL Strombedarf]]/real_zu_spiel_strombedarf -> 0 | I21: =Table1[[#This Row],[REAL Stromproduktion]]/real_zu_spiel_stromproduktion -> 0 | J21: =Table1[[#This Row],[REAL Stromspeicher]]/real_zu_spiel_stromspeicher -> 0 | L21: 2 | M21: 1 | R21: 0 | V21: 2 | Z21: =_xlfn.TEXTJOIN( "XX", TRUE, IF(OR(F21="",F21=0),"",REPT(IF(F21>0,"EN","EM"),ABS(F21))), IF(OR(H21="",H21=0),"",REPT(IF(H21>0,"BM","BP"),ABS(H21))), REPT("SP",I21), REPT("FL",J21), REPT("WS",K21), REPT("EF",L21), IF(OR(M21="",M21=0),"",REPT(IF(M21>0,"ZU","ZM"),ABS(M21))), IF(D21="FW","XXFW",IF(D21="BIO","XXBI",IF(D21="ABWWP","XXWP",IF(D21="WP","XXWP",IF(D21="GG","XXGG",""))))) ) -> EFEFXXZU | AA21: =CHAR(34)&VLOOKUP(Table1[[#This Row],[Name]],'Massnahmenkarten Texte'!A:C,3,FALSE)&CHAR(34) -> "Eine Fußbodenheizung gibt Wärme über große Flächen ab, ist komfortabel und ermöglicht niedrige Vorlauftemperaturen. Dadurch arbeiten Wärmepumpen effizienter; im Bestand sind aber Bodenaufbau, Bauaufwand und die eher träge Regelung zu beachten."
A22: Niedertemperatur Radiator | B22: Abgabe | C22: 1 | E22: 0 | G22: =Table1[[#This Row],[REAL Sofort CO2]]/kgemission_per_sp -> 0 | H22: =Table1[[#This Row],[REAL Strombedarf]]/real_zu_spiel_strombedarf -> 0 | I22: =Table1[[#This Row],[REAL Stromproduktion]]/real_zu_spiel_stromproduktion -> 0 | J22: =Table1[[#This Row],[REAL Stromspeicher]]/real_zu_spiel_stromspeicher -> 0 | L22: 1 | R22: 0 | V22: 1 | Z22: =_xlfn.TEXTJOIN( "XX", TRUE, IF(OR(F22="",F22=0),"",REPT(IF(F22>0,"EN","EM"),ABS(F22))), IF(OR(H22="",H22=0),"",REPT(IF(H22>0,"BM","BP"),ABS(H22))), REPT("SP",I22), REPT("FL",J22), REPT("WS",K22), REPT("EF",L22), IF(OR(M22="",M22=0),"",REPT(IF(M22>0,"ZU","ZM"),ABS(M22))), IF(D22="FW","XXFW",IF(D22="BIO","XXBI",IF(D22="ABWWP","XXWP",IF(D22="WP","XXWP",IF(D22="GG","XXGG",""))))) ) -> EF | AA22: =CHAR(34)&VLOOKUP(Table1[[#This Row],[Name]],'Massnahmenkarten Texte'!A:C,3,FALSE)&CHAR(34) -> "Niedertemperatur-Radiatoren sind eine günstigere Alternative zu Flächenheizungen und lassen sich im Bestand meist einfacher nachrüsten. Sie ermöglichen niedrigere Vorlauftemperaturen und verbessern damit die Effizienz der Wärmepumpe, bieten aber weniger Komfort und Effizienzpotenzial als Fußboden- oder Deckenheizung."
A23: Radiatoren mit Lüftern | B23: Abgabe | C23: 1 | E23: 1 | G23: =Table1[[#This Row],[REAL Sofort CO2]]/kgemission_per_sp -> 0 | H23: =Table1[[#This Row],[REAL Strombedarf]]/real_zu_spiel_strombedarf -> 0 | I23: =Table1[[#This Row],[REAL Stromproduktion]]/real_zu_spiel_stromproduktion -> 0 | J23: =Table1[[#This Row],[REAL Stromspeicher]]/real_zu_spiel_stromspeicher -> 0 | L23: 2 | M23: -1 | R23: 0 | V23: 2 | Z23: =_xlfn.TEXTJOIN( "XX", TRUE, IF(OR(F23="",F23=0),"",REPT(IF(F23>0,"EN","EM"),ABS(F23))), IF(OR(H23="",H23=0),"",REPT(IF(H23>0,"BM","BP"),ABS(H23))), REPT("SP",I23), REPT("FL",J23), REPT("WS",K23), REPT("EF",L23), IF(OR(M23="",M23=0),"",REPT(IF(M23>0,"ZU","ZM"),ABS(M23))), IF(D23="FW","XXFW",IF(D23="BIO","XXBI",IF(D23="ABWWP","XXWP",IF(D23="WP","XXWP",IF(D23="GG","XXGG",""))))) ) -> EFEFXXZM | AA23: =CHAR(34)&VLOOKUP(Table1[[#This Row],[Name]],'Massnahmenkarten Texte'!A:C,3,FALSE)&CHAR(34) -> "Radiatoren mit Lüftern erhöhen die Wärmeabgabe und können auch bei niedrigeren Vorlauftemperaturen gut funktionieren. Sie sind einfach nachzurüsten, können aber durch Geräusche oder Luftbewegung als störend empfunden werden."
A24: TestMassnahme | B24: Abgabe | C24: 0 | E24: 999 | G24: =Table1[[#This Row],[REAL Sofort CO2]]/kgemission_per_sp -> 0 | H24: =Table1[[#This Row],[REAL Strombedarf]]/real_zu_spiel_strombedarf -> 1 | I24: =Table1[[#This Row],[REAL Stromproduktion]]/real_zu_spiel_stromproduktion -> 0 | J24: =Table1[[#This Row],[REAL Stromspeicher]]/real_zu_spiel_stromspeicher -> 1 | K24: 1 | L24: 1 | M24: 1 | R24: 5 | T24: 5 | U24: 1 | V24: 1 | Z24: =_xlfn.TEXTJOIN( "XX", TRUE, IF(OR(F24="",F24=0),"",REPT(IF(F24>0,"EN","EM"),ABS(F24))), IF(OR(H24="",H24=0),"",REPT(IF(H24>0,"BM","BP"),ABS(H24))), REPT("SP",I24), REPT("FL",J24), REPT("WS",K24), REPT("EF",L24), IF(OR(M24="",M24=0),"",REPT(IF(M24>0,"ZU","ZM"),ABS(M24))), IF(D24="FW","XXFW",IF(D24="BIO","XXBI",IF(D24="ABWWP","XXWP",IF(D24="WP","XXWP",IF(D24="GG","XXGG",""))))) ) -> BMXXFLXXWSXXEFXXZU | AA24: =CHAR(34)&VLOOKUP(Table1[[#This Row],[Name]],'Massnahmenkarten Texte'!A:C,3,FALSE)&CHAR(34) -> "Eine Beschreibung hier einfügen, kurz halten oder sie wird abgeschnitten"
A25: Wandheizung | B25: Abgabe | C25: 1 | E25: 2 | G25: =Table1[[#This Row],[REAL Sofort CO2]]/kgemission_per_sp -> 0 | H25: =Table1[[#This Row],[REAL Strombedarf]]/real_zu_spiel_strombedarf -> 0 | I25: =Table1[[#This Row],[REAL Stromproduktion]]/real_zu_spiel_stromproduktion -> 0 | J25: =Table1[[#This Row],[REAL Stromspeicher]]/real_zu_spiel_stromspeicher -> 0 | L25: 2 | R25: 0 | V25: 2 | Z25: =_xlfn.TEXTJOIN( "XX", TRUE, IF(OR(F25="",F25=0),"",REPT(IF(F25>0,"EN","EM"),ABS(F25))), IF(OR(H25="",H25=0),"",REPT(IF(H25>0,"BM","BP"),ABS(H25))), REPT("SP",I25), REPT("FL",J25), REPT("WS",K25), REPT("EF",L25), IF(OR(M25="",M25=0),"",REPT(IF(M25>0,"ZU","ZM"),ABS(M25))), IF(D25="FW","XXFW",IF(D25="BIO","XXBI",IF(D25="ABWWP","XXWP",IF(D25="WP","XXWP",IF(D25="GG","XXGG",""))))) ) -> EFEF | AA25: =CHAR(34)&VLOOKUP(Table1[[#This Row],[Name]],'Massnahmenkarten Texte'!A:C,3,FALSE)&CHAR(34) -> "Eine Wandheizung gibt Wärme über große Flächen ab, ist komfortabel und ermöglicht niedrige Vorlauftemperaturen. Dadurch arbeiten Wärmepumpen effizienter; im Bestand sind aber Einbauaufwand, freie Wandflächen und spätere Möblierung zu beachten."
A26: Dachgärten | B26: Dachnutzung | C26: 1 | E26: 2 | F26: -1 | G26: =Table1[[#This Row],[REAL Sofort CO2]]/kgemission_per_sp -> 0 | H26: =Table1[[#This Row],[REAL Strombedarf]]/real_zu_spiel_strombedarf -> 0 | I26: =Table1[[#This Row],[REAL Stromproduktion]]/real_zu_spiel_stromproduktion -> 0 | J26: =Table1[[#This Row],[REAL Stromspeicher]]/real_zu_spiel_stromspeicher -> 0 | M26: 1 | R26: 0 | Z26: =_xlfn.TEXTJOIN( "XX", TRUE, IF(OR(F26="",F26=0),"",REPT(IF(F26>0,"EN","EM"),ABS(F26))), IF(OR(H26="",H26=0),"",REPT(IF(H26>0,"BM","BP"),ABS(H26))), REPT("SP",I26), REPT("FL",J26), REPT("WS",K26), REPT("EF",L26), IF(OR(M26="",M26=0),"",REPT(IF(M26>0,"ZU","ZM"),ABS(M26))), IF(D26="FW","XXFW",IF(D26="BIO","XXBI",IF(D26="ABWWP","XXWP",IF(D26="WP","XXWP",IF(D26="GG","XXGG",""))))) ) -> EMXXZU | AA26: =CHAR(34)&VLOOKUP(Table1[[#This Row],[Name]],'Massnahmenkarten Texte'!A:C,3,FALSE)&CHAR(34) -> "Bepflanzte Grünflächen, die auf dem Dach eines Gebäudes angelegt wurden, um ökologische Vorteile und einen höheren Wohnkomfort zu bieten."
A27: Grosse Dach-PV-Anlage | B27: Dachnutzung | C27: 1 | E27: 3 | G27: =Table1[[#This Row],[REAL Sofort CO2]]/kgemission_per_sp -> 0 | H27: =Table1[[#This Row],[REAL Strombedarf]]/real_zu_spiel_strombedarf -> 0 | I27: =Table1[[#This Row],[REAL Stromproduktion]]/real_zu_spiel_stromproduktion -> 8 | J27: =Table1[[#This Row],[REAL Stromspeicher]]/real_zu_spiel_stromspeicher -> 0 | S27: 40 | Z27: =_xlfn.TEXTJOIN( "XX", TRUE, IF(OR(F27="",F27=0),"",REPT(IF(F27>0,"EN","EM"),ABS(F27))), IF(OR(H27="",H27=0),"",REPT(IF(H27>0,"BM","BP"),ABS(H27))), REPT("SP",I27), REPT("FL",J27), REPT("WS",K27), REPT("EF",L27), IF(OR(M27="",M27=0),"",REPT(IF(M27>0,"ZU","ZM"),ABS(M27))), IF(D27="FW","XXFW",IF(D27="BIO","XXBI",IF(D27="ABWWP","XXWP",IF(D27="WP","XXWP",IF(D27="GG","XXGG",""))))) ) -> SPSPSPSPSPSPSPSP | AA27: =CHAR(34)&VLOOKUP(Table1[[#This Row],[Name]],'Massnahmenkarten Texte'!A:C,3,FALSE)&CHAR(34) -> "Eine große PV-Anlage nutzt die verfügbare Dachfläche konsequent und kann viel Emissionen einsparen. Damit der zusätzliche Strom gut genutzt wird, braucht sie meist Speicher oder flexible Verbraucher."
A28: Kleine Dach-PV-Anlage | B28: Dachnutzung | C28: 1 | E28: 1 | G28: =Table1[[#This Row],[REAL Sofort CO2]]/kgemission_per_sp -> 0 | H28: =Table1[[#This Row],[REAL Strombedarf]]/real_zu_spiel_strombedarf -> 0 | I28: =Table1[[#This Row],[REAL Stromproduktion]]/real_zu_spiel_stromproduktion -> 2 | J28: =Table1[[#This Row],[REAL Stromspeicher]]/real_zu_spiel_stromspeicher -> 0 | S28: 10 | Z28: =_xlfn.TEXTJOIN( "XX", TRUE, IF(OR(F28="",F28=0),"",REPT(IF(F28>0,"EN","EM"),ABS(F28))), IF(OR(H28="",H28=0),"",REPT(IF(H28>0,"BM","BP"),ABS(H28))), REPT("SP",I28), REPT("FL",J28), REPT("WS",K28), REPT("EF",L28), IF(OR(M28="",M28=0),"",REPT(IF(M28>0,"ZU","ZM"),ABS(M28))), IF(D28="FW","XXFW",IF(D28="BIO","XXBI",IF(D28="ABWWP","XXWP",IF(D28="WP","XXWP",IF(D28="GG","XXGG",""))))) ) -> SPSP | AA28: =CHAR(34)&VLOOKUP(Table1[[#This Row],[Name]],'Massnahmenkarten Texte'!A:C,3,FALSE)&CHAR(34) -> "Eine kleine PV-Anlage ist die einfache Standardlösung und deckt vor allem den direkten Eigenverbrauch. Sie spart Emissionen ohne zusätzlichen Speicher, bleibt aber in ihrem Potenzial begrenzt."
A29: Mittlere Dach-PV-Anlage | B29: Dachnutzung | C29: 1 | E29: 2 | G29: =Table1[[#This Row],[REAL Sofort CO2]]/kgemission_per_sp -> 0 | H29: =Table1[[#This Row],[REAL Strombedarf]]/real_zu_spiel_strombedarf -> 0 | I29: =Table1[[#This Row],[REAL Stromproduktion]]/real_zu_spiel_stromproduktion -> 4 | J29: =Table1[[#This Row],[REAL Stromspeicher]]/real_zu_spiel_stromspeicher -> 0 | S29: 20 | Z29: =_xlfn.TEXTJOIN( "XX", TRUE, IF(OR(F29="",F29=0),"",REPT(IF(F29>0,"EN","EM"),ABS(F29))), IF(OR(H29="",H29=0),"",REPT(IF(H29>0,"BM","BP"),ABS(H29))), REPT("SP",I29), REPT("FL",J29), REPT("WS",K29), REPT("EF",L29), IF(OR(M29="",M29=0),"",REPT(IF(M29>0,"ZU","ZM"),ABS(M29))), IF(D29="FW","XXFW",IF(D29="BIO","XXBI",IF(D29="ABWWP","XXWP",IF(D29="WP","XXWP",IF(D29="GG","XXGG",""))))) ) -> SPSPSPSP | AA29: =CHAR(34)&VLOOKUP(Table1[[#This Row],[Name]],'Massnahmenkarten Texte'!A:C,3,FALSE)&CHAR(34) -> "Eine mittlere PV-Anlage ist ein guter Kompromiss zwischen Aufwand, Kosten und Klimawirkung. Sie erzeugt mehr Strom als die kleine Variante und wird mit Speicher oder flexiblen Verbrauchern deutlich wirksamer."
A30: PV Dachziegel | B30: Dachnutzung | C30: 1 | E30: 2 | G30: =Table1[[#This Row],[REAL Sofort CO2]]/kgemission_per_sp -> 0 | H30: =Table1[[#This Row],[REAL Strombedarf]]/real_zu_spiel_strombedarf -> 0 | I30: =Table1[[#This Row],[REAL Stromproduktion]]/real_zu_spiel_stromproduktion -> 3 | J30: =Table1[[#This Row],[REAL Stromspeicher]]/real_zu_spiel_stromspeicher -> 0 | S30: 15 | Z30: =_xlfn.TEXTJOIN( "XX", TRUE, IF(OR(F30="",F30=0),"",REPT(IF(F30>0,"EN","EM"),ABS(F30))), IF(OR(H30="",H30=0),"",REPT(IF(H30>0,"BM","BP"),ABS(H30))), REPT("SP",I30), REPT("FL",J30), REPT("WS",K30), REPT("EF",L30), IF(OR(M30="",M30=0),"",REPT(IF(M30>0,"ZU","ZM"),ABS(M30))), IF(D30="FW","XXFW",IF(D30="BIO","XXBI",IF(D30="ABWWP","XXWP",IF(D30="WP","XXWP",IF(D30="GG","XXGG",""))))) ) -> SPSPSP | AA30: =CHAR(34)&VLOOKUP(Table1[[#This Row],[Name]],'Massnahmenkarten Texte'!A:C,3,FALSE)&CHAR(34) -> "Lösung für denkmalgeschützte Dächer mit reduzierter Effizienz im Vergleich zu herkömmlichen Paneelen."
A31: PV-Pergola | B31: Dachnutzung | C31: 1 | E31: 3 | G31: =Table1[[#This Row],[REAL Sofort CO2]]/kgemission_per_sp -> 0 | H31: =Table1[[#This Row],[REAL Strombedarf]]/real_zu_spiel_strombedarf -> 0 | I31: =Table1[[#This Row],[REAL Stromproduktion]]/real_zu_spiel_stromproduktion -> 2 | J31: =Table1[[#This Row],[REAL Stromspeicher]]/real_zu_spiel_stromspeicher -> 0 | M31: 1 | S31: 10 | Z31: =_xlfn.TEXTJOIN( "XX", TRUE, IF(OR(F31="",F31=0),"",REPT(IF(F31>0,"EN","EM"),ABS(F31))), IF(OR(H31="",H31=0),"",REPT(IF(H31>0,"BM","BP"),ABS(H31))), REPT("SP",I31), REPT("FL",J31), REPT("WS",K31), REPT("EF",L31), IF(OR(M31="",M31=0),"",REPT(IF(M31>0,"ZU","ZM"),ABS(M31))), IF(D31="FW","XXFW",IF(D31="BIO","XXBI",IF(D31="ABWWP","XXWP",IF(D31="WP","XXWP",IF(D31="GG","XXGG",""))))) ) -> SPSPXXZU | AA31: =CHAR(34)&VLOOKUP(Table1[[#This Row],[Name]],'Massnahmenkarten Texte'!A:C,3,FALSE)&CHAR(34) -> "Eine PV-Pergola ist eine überdachte Terrasse oder Freifläche, bei der die PV-Module zugleich Schatten spenden und Strom erzeugen. Sie ist aufwendig, erhöht aber die Aufenthaltsqualität und Nutzerzufriedenheit deutlich."
A32: Thermische Solaranlage | B32: Dachnutzung | C32: 1 | E32: 2 | G32: =Table1[[#This Row],[REAL Sofort CO2]]/kgemission_per_sp -> 0 | H32: =Table1[[#This Row],[REAL Strombedarf]]/real_zu_spiel_strombedarf -> 0 | I32: =Table1[[#This Row],[REAL Stromproduktion]]/real_zu_spiel_stromproduktion -> 0 | J32: =Table1[[#This Row],[REAL Stromspeicher]]/real_zu_spiel_stromspeicher -> 0 | K32: 1 | R32: 0 | U32: 1 | Z32: =_xlfn.TEXTJOIN( "XX", TRUE, IF(OR(F32="",F32=0),"",REPT(IF(F32>0,"EN","EM"),ABS(F32))), IF(OR(H32="",H32=0),"",REPT(IF(H32>0,"BM","BP"),ABS(H32))), REPT("SP",I32), REPT("FL",J32), REPT("WS",K32), REPT("EF",L32), IF(OR(M32="",M32=0),"",REPT(IF(M32>0,"ZU","ZM"),ABS(M32))), IF(D32="FW","XXFW",IF(D32="BIO","XXBI",IF(D32="ABWWP","XXWP",IF(D32="WP","XXWP",IF(D32="GG","XXGG",""))))) ) -> WS | AA32: =CHAR(34)&VLOOKUP(Table1[[#This Row],[Name]],'Massnahmenkarten Texte'!A:C,3,FALSE)&CHAR(34) -> "Eine thermische Solaranlage nutzt Sonnenwärme für Warmwasser oder Heizungsunterstützung und reduziert so den Heizenergiebedarf. Früher war sie häufiger die Standardlösung am Dach, heute wird oft PV bevorzugt."
A33: Ambitionierte Sanierung | B33: Dämmung | C33: 1 | E33: 2 | G33: =Table1[[#This Row],[REAL Sofort CO2]]/kgemission_per_sp -> 30 | H33: =Table1[[#This Row],[REAL Strombedarf]]/real_zu_spiel_strombedarf -> 0 | I33: =Table1[[#This Row],[REAL Stromproduktion]]/real_zu_spiel_stromproduktion -> 0 | J33: =Table1[[#This Row],[REAL Stromspeicher]]/real_zu_spiel_stromspeicher -> 0 | K33: 4 | Q33: 30 | R33: 0 | U33: 4 | Z33: =_xlfn.TEXTJOIN( "XX", TRUE, IF(OR(F33="",F33=0),"",REPT(IF(F33>0,"EN","EM"),ABS(F33))), IF(OR(H33="",H33=0),"",REPT(IF(H33>0,"BM","BP"),ABS(H33))), REPT("SP",I33), REPT("FL",J33), REPT("WS",K33), REPT("EF",L33), IF(OR(M33="",M33=0),"",REPT(IF(M33>0,"ZU","ZM"),ABS(M33))), IF(D33="FW","XXFW",IF(D33="BIO","XXBI",IF(D33="ABWWP","XXWP",IF(D33="WP","XXWP",IF(D33="GG","XXGG",""))))) ) -> WSWSWSWS | AA33: =CHAR(34)&VLOOKUP(Table1[[#This Row],[Name]],'Massnahmenkarten Texte'!A:C,3,FALSE)&CHAR(34) -> "Die Gebäudehülle wird über den Mindeststandard hinaus verbessert. Dadurch sinkt der Heizwärmebedarf stärker, jedoch mit etwas höherem Material- und Investitionsaufwand."
A34: Ambitionierte Sanierung ökologisch | B34: Dämmung | C34: 1 | E34: 3 | G34: =Table1[[#This Row],[REAL Sofort CO2]]/kgemission_per_sp -> -10 | H34: =Table1[[#This Row],[REAL Strombedarf]]/real_zu_spiel_strombedarf -> 0 | I34: =Table1[[#This Row],[REAL Stromproduktion]]/real_zu_spiel_stromproduktion -> 0 | J34: =Table1[[#This Row],[REAL Stromspeicher]]/real_zu_spiel_stromspeicher -> 0 | K34: 4 | Q34: -10 | R34: 0 | U34: 4 | Z34: =_xlfn.TEXTJOIN( "XX", TRUE, IF(OR(F34="",F34=0),"",REPT(IF(F34>0,"EN","EM"),ABS(F34))), IF(OR(H34="",H34=0),"",REPT(IF(H34>0,"BM","BP"),ABS(H34))), REPT("SP",I34), REPT("FL",J34), REPT("WS",K34), REPT("EF",L34), IF(OR(M34="",M34=0),"",REPT(IF(M34>0,"ZU","ZM"),ABS(M34))), IF(D34="FW","XXFW",IF(D34="BIO","XXBI",IF(D34="ABWWP","XXWP",IF(D34="WP","XXWP",IF(D34="GG","XXGG",""))))) ) -> WSWSWSWS | AA34: =CHAR(34)&VLOOKUP(Table1[[#This Row],[Name]],'Massnahmenkarten Texte'!A:C,3,FALSE)&CHAR(34) -> "Die Gebäudehülle wird über den Mindeststandard hinaus mit ökologischen Dämmstoffen verbessert. Dadurch sinkt der Heizwärmebedarf stärker."
A35: Dämmputze | B35: Dämmung | C35: 0 | E35: 999 | G35: =Table1[[#This Row],[REAL Sofort CO2]]/kgemission_per_sp -> 0 | H35: =Table1[[#This Row],[REAL Strombedarf]]/real_zu_spiel_strombedarf -> 0 | I35: =Table1[[#This Row],[REAL Stromproduktion]]/real_zu_spiel_stromproduktion -> 0 | J35: =Table1[[#This Row],[REAL Stromspeicher]]/real_zu_spiel_stromspeicher -> 0 | K35: 1 | R35: 0 | U35: 1 | Z35: =_xlfn.TEXTJOIN( "XX", TRUE, IF(OR(F35="",F35=0),"",REPT(IF(F35>0,"EN","EM"),ABS(F35))), IF(OR(H35="",H35=0),"",REPT(IF(H35>0,"BM","BP"),ABS(H35))), REPT("SP",I35), REPT("FL",J35), REPT("WS",K35), REPT("EF",L35), IF(OR(M35="",M35=0),"",REPT(IF(M35>0,"ZU","ZM"),ABS(M35))), IF(D35="FW","XXFW",IF(D35="BIO","XXBI",IF(D35="ABWWP","XXWP",IF(D35="WP","XXWP",IF(D35="GG","XXGG",""))))) ) -> WS | AA35: =CHAR(34)&VLOOKUP(Table1[[#This Row],[Name]],'Massnahmenkarten Texte'!A:C,3,FALSE)&CHAR(34) -> "zu speziell"
A36: Fossile Dämmstoffe | B36: Dämmung | C36: 0 | E36: 999 | G36: =Table1[[#This Row],[REAL Sofort CO2]]/kgemission_per_sp -> 0 | H36: =Table1[[#This Row],[REAL Strombedarf]]/real_zu_spiel_strombedarf -> 0 | I36: =Table1[[#This Row],[REAL Stromproduktion]]/real_zu_spiel_stromproduktion -> 0 | J36: =Table1[[#This Row],[REAL Stromspeicher]]/real_zu_spiel_stromspeicher -> 0 | K36: 2 | R36: 0 | U36: 2 | Z36: =_xlfn.TEXTJOIN( "XX", TRUE, IF(OR(F36="",F36=0),"",REPT(IF(F36>0,"EN","EM"),ABS(F36))), IF(OR(H36="",H36=0),"",REPT(IF(H36>0,"BM","BP"),ABS(H36))), REPT("SP",I36), REPT("FL",J36), REPT("WS",K36), REPT("EF",L36), IF(OR(M36="",M36=0),"",REPT(IF(M36>0,"ZU","ZM"),ABS(M36))), IF(D36="FW","XXFW",IF(D36="BIO","XXBI",IF(D36="ABWWP","XXWP",IF(D36="WP","XXWP",IF(D36="GG","XXGG",""))))) ) -> WSWS | AA36: =CHAR(34)&VLOOKUP(Table1[[#This Row],[Name]],'Massnahmenkarten Texte'!A:C,3,FALSE)&CHAR(34) -> "Mineralische oder synthetische Dämmstoffe. Hohe Umweltauswirkungen."
A37: Fossile Dämmstoffe | B37: Dämmung | C37: 0 | E37: 999 | G37: =Table1[[#This Row],[REAL Sofort CO2]]/kgemission_per_sp -> 0 | H37: =Table1[[#This Row],[REAL Strombedarf]]/real_zu_spiel_strombedarf -> 0 | I37: =Table1[[#This Row],[REAL Stromproduktion]]/real_zu_spiel_stromproduktion -> 0 | J37: =Table1[[#This Row],[REAL Stromspeicher]]/real_zu_spiel_stromspeicher -> 0 | K37: 2 | R37: 0 | U37: 2 | Z37: =_xlfn.TEXTJOIN( "XX", TRUE, IF(OR(F37="",F37=0),"",REPT(IF(F37>0,"EN","EM"),ABS(F37))), IF(OR(H37="",H37=0),"",REPT(IF(H37>0,"BM","BP"),ABS(H37))), REPT("SP",I37), REPT("FL",J37), REPT("WS",K37), REPT("EF",L37), IF(OR(M37="",M37=0),"",REPT(IF(M37>0,"ZU","ZM"),ABS(M37))), IF(D37="FW","XXFW",IF(D37="BIO","XXBI",IF(D37="ABWWP","XXWP",IF(D37="WP","XXWP",IF(D37="GG","XXGG",""))))) ) -> WSWS | AA37: =CHAR(34)&VLOOKUP(Table1[[#This Row],[Name]],'Massnahmenkarten Texte'!A:C,3,FALSE)&CHAR(34) -> "Mineralische oder synthetische Dämmstoffe. Hohe Umweltauswirkungen."
A38: Holzfaserdämmung | B38: Dämmung | C38: 0 | E38: 999 | G38: =Table1[[#This Row],[REAL Sofort CO2]]/kgemission_per_sp -> 0 | H38: =Table1[[#This Row],[REAL Strombedarf]]/real_zu_spiel_strombedarf -> 0 | I38: =Table1[[#This Row],[REAL Stromproduktion]]/real_zu_spiel_stromproduktion -> 0 | J38: =Table1[[#This Row],[REAL Stromspeicher]]/real_zu_spiel_stromspeicher -> 0 | K38: 2 | R38: 0 | U38: 2 | Z38: =_xlfn.TEXTJOIN( "XX", TRUE, IF(OR(F38="",F38=0),"",REPT(IF(F38>0,"EN","EM"),ABS(F38))), IF(OR(H38="",H38=0),"",REPT(IF(H38>0,"BM","BP"),ABS(H38))), REPT("SP",I38), REPT("FL",J38), REPT("WS",K38), REPT("EF",L38), IF(OR(M38="",M38=0),"",REPT(IF(M38>0,"ZU","ZM"),ABS(M38))), IF(D38="FW","XXFW",IF(D38="BIO","XXBI",IF(D38="ABWWP","XXWP",IF(D38="WP","XXWP",IF(D38="GG","XXGG",""))))) ) -> WSWS | AA38: =CHAR(34)&VLOOKUP(Table1[[#This Row],[Name]],'Massnahmenkarten Texte'!A:C,3,FALSE)&CHAR(34) -> "Natürlicher Dämmstoff. Geringe Umweltbelastung und recyclebar."
A39: Holzfaserdämmung | B39: Dämmung | C39: 0 | E39: 999 | G39: =Table1[[#This Row],[REAL Sofort CO2]]/kgemission_per_sp -> 0 | H39: =Table1[[#This Row],[REAL Strombedarf]]/real_zu_spiel_strombedarf -> 0 | I39: =Table1[[#This Row],[REAL Stromproduktion]]/real_zu_spiel_stromproduktion -> 0 | J39: =Table1[[#This Row],[REAL Stromspeicher]]/real_zu_spiel_stromspeicher -> 0 | K39: 2 | R39: 0 | U39: 2 | Z39: =_xlfn.TEXTJOIN( "XX", TRUE, IF(OR(F39="",F39=0),"",REPT(IF(F39>0,"EN","EM"),ABS(F39))), IF(OR(H39="",H39=0),"",REPT(IF(H39>0,"BM","BP"),ABS(H39))), REPT("SP",I39), REPT("FL",J39), REPT("WS",K39), REPT("EF",L39), IF(OR(M39="",M39=0),"",REPT(IF(M39>0,"ZU","ZM"),ABS(M39))), IF(D39="FW","XXFW",IF(D39="BIO","XXBI",IF(D39="ABWWP","XXWP",IF(D39="WP","XXWP",IF(D39="GG","XXGG",""))))) ) -> WSWS | AA39: =CHAR(34)&VLOOKUP(Table1[[#This Row],[Name]],'Massnahmenkarten Texte'!A:C,3,FALSE)&CHAR(34) -> "Natürlicher Dämmstoff. Geringe Umweltbelastung und recyclebar."
A40: Passivhaussanierung konventionell | B40: Dämmung | C40: 1 | E40: 3 | G40: =Table1[[#This Row],[REAL Sofort CO2]]/kgemission_per_sp -> 40 | H40: =Table1[[#This Row],[REAL Strombedarf]]/real_zu_spiel_strombedarf -> 0 | I40: =Table1[[#This Row],[REAL Stromproduktion]]/real_zu_spiel_stromproduktion -> 0 | J40: =Table1[[#This Row],[REAL Stromspeicher]]/real_zu_spiel_stromspeicher -> 0 | K40: 5 | Q40: 40 | R40: 0 | U40: 5 | Z40: =_xlfn.TEXTJOIN( "XX", TRUE, IF(OR(F40="",F40=0),"",REPT(IF(F40>0,"EN","EM"),ABS(F40))), IF(OR(H40="",H40=0),"",REPT(IF(H40>0,"BM","BP"),ABS(H40))), REPT("SP",I40), REPT("FL",J40), REPT("WS",K40), REPT("EF",L40), IF(OR(M40="",M40=0),"",REPT(IF(M40>0,"ZU","ZM"),ABS(M40))), IF(D40="FW","XXFW",IF(D40="BIO","XXBI",IF(D40="ABWWP","XXWP",IF(D40="WP","XXWP",IF(D40="GG","XXGG",""))))) ) -> WSWSWSWSWS | AA40: =CHAR(34)&VLOOKUP(Table1[[#This Row],[Name]],'Massnahmenkarten Texte'!A:C,3,FALSE)&CHAR(34) -> "Hochwertigster Wärmeschutz, luftdichte Gebäudehülle. Die verwendeten Baustoffe sind fossil und verursachen entsprechend höhere graue Energie."
A41: Passivhaussanierung ökologisch | B41: Dämmung | C41: 1 | E41: 4 | G41: -20 | H41: =Table1[[#This Row],[REAL Strombedarf]]/real_zu_spiel_strombedarf -> 0 | I41: =Table1[[#This Row],[REAL Stromproduktion]]/real_zu_spiel_stromproduktion -> 0 | J41: =Table1[[#This Row],[REAL Stromspeicher]]/real_zu_spiel_stromspeicher -> 0 | K41: 5 | Q41: -10 | R41: 0 | U41: 5 | Z41: =_xlfn.TEXTJOIN( "XX", TRUE, IF(OR(F41="",F41=0),"",REPT(IF(F41>0,"EN","EM"),ABS(F41))), IF(OR(H41="",H41=0),"",REPT(IF(H41>0,"BM","BP"),ABS(H41))), REPT("SP",I41), REPT("FL",J41), REPT("WS",K41), REPT("EF",L41), IF(OR(M41="",M41=0),"",REPT(IF(M41>0,"ZU","ZM"),ABS(M41))), IF(D41="FW","XXFW",IF(D41="BIO","XXBI",IF(D41="ABWWP","XXWP",IF(D41="WP","XXWP",IF(D41="GG","XXGG",""))))) ) -> WSWSWSWSWS | AA41: =CHAR(34)&VLOOKUP(Table1[[#This Row],[Name]],'Massnahmenkarten Texte'!A:C,3,FALSE)&CHAR(34) -> "Natürlicher Dämmstoff. Geringe Umweltbelastung und recyclebar."
A42: RENVELOPE | B42: Dämmung | C42: 0 | E42: 999 | G42: =Table1[[#This Row],[REAL Sofort CO2]]/kgemission_per_sp -> 0 | H42: =Table1[[#This Row],[REAL Strombedarf]]/real_zu_spiel_strombedarf -> 0 | I42: =Table1[[#This Row],[REAL Stromproduktion]]/real_zu_spiel_stromproduktion -> 0 | J42: =Table1[[#This Row],[REAL Stromspeicher]]/real_zu_spiel_stromspeicher -> 0 | R42: 0 | Z42: =_xlfn.TEXTJOIN( "XX", TRUE, IF(OR(F42="",F42=0),"",REPT(IF(F42>0,"EN","EM"),ABS(F42))), IF(OR(H42="",H42=0),"",REPT(IF(H42>0,"BM","BP"),ABS(H42))), REPT("SP",I42), REPT("FL",J42), REPT("WS",K42), REPT("EF",L42), IF(OR(M42="",M42=0),"",REPT(IF(M42>0,"ZU","ZM"),ABS(M42))), IF(D42="FW","XXFW",IF(D42="BIO","XXBI",IF(D42="ABWWP","XXWP",IF(D42="WP","XXWP",IF(D42="GG","XXGG",""))))) ) | AA42: =CHAR(34)&VLOOKUP(Table1[[#This Row],[Name]],'Massnahmenkarten Texte'!A:C,3,FALSE)&CHAR(34) -> ""
A43: Sanierung Glasfassade | B43: Dämmung | C43: 0 | E43: 999 | G43: =Table1[[#This Row],[REAL Sofort CO2]]/kgemission_per_sp -> 0 | H43: =Table1[[#This Row],[REAL Strombedarf]]/real_zu_spiel_strombedarf -> 0 | I43: =Table1[[#This Row],[REAL Stromproduktion]]/real_zu_spiel_stromproduktion -> 0 | J43: =Table1[[#This Row],[REAL Stromspeicher]]/real_zu_spiel_stromspeicher -> 0 | K43: 2 | R43: 0 | U43: 2 | Z43: =_xlfn.TEXTJOIN( "XX", TRUE, IF(OR(F43="",F43=0),"",REPT(IF(F43>0,"EN","EM"),ABS(F43))), IF(OR(H43="",H43=0),"",REPT(IF(H43>0,"BM","BP"),ABS(H43))), REPT("SP",I43), REPT("FL",J43), REPT("WS",K43), REPT("EF",L43), IF(OR(M43="",M43=0),"",REPT(IF(M43>0,"ZU","ZM"),ABS(M43))), IF(D43="FW","XXFW",IF(D43="BIO","XXBI",IF(D43="ABWWP","XXWP",IF(D43="WP","XXWP",IF(D43="GG","XXGG",""))))) ) -> WSWS | AA43: =CHAR(34)&VLOOKUP(Table1[[#This Row],[Name]],'Massnahmenkarten Texte'!A:C,3,FALSE)&CHAR(34) -> "zu speziell"
A44: Schafwolldämmung | B44: Dämmung | C44: 0 | E44: 999 | G44: =Table1[[#This Row],[REAL Sofort CO2]]/kgemission_per_sp -> 0 | H44: =Table1[[#This Row],[REAL Strombedarf]]/real_zu_spiel_strombedarf -> 0 | I44: =Table1[[#This Row],[REAL Stromproduktion]]/real_zu_spiel_stromproduktion -> 0 | J44: =Table1[[#This Row],[REAL Stromspeicher]]/real_zu_spiel_stromspeicher -> 0 | K44: 2 | R44: 0 | U44: 2 | Z44: =_xlfn.TEXTJOIN( "XX", TRUE, IF(OR(F44="",F44=0),"",REPT(IF(F44>0,"EN","EM"),ABS(F44))), IF(OR(H44="",H44=0),"",REPT(IF(H44>0,"BM","BP"),ABS(H44))), REPT("SP",I44), REPT("FL",J44), REPT("WS",K44), REPT("EF",L44), IF(OR(M44="",M44=0),"",REPT(IF(M44>0,"ZU","ZM"),ABS(M44))), IF(D44="FW","XXFW",IF(D44="BIO","XXBI",IF(D44="ABWWP","XXWP",IF(D44="WP","XXWP",IF(D44="GG","XXGG",""))))) ) -> WSWS | AA44: =CHAR(34)&VLOOKUP(Table1[[#This Row],[Name]],'Massnahmenkarten Texte'!A:C,3,FALSE)&CHAR(34) -> "Natürlicher Dämmstoff. Geringe Umweltbelastung und recyclebar."
A45: Schafwolldämmung | B45: Dämmung | C45: 0 | E45: 999 | G45: =Table1[[#This Row],[REAL Sofort CO2]]/kgemission_per_sp -> 0 | H45: =Table1[[#This Row],[REAL Strombedarf]]/real_zu_spiel_strombedarf -> 0 | I45: =Table1[[#This Row],[REAL Stromproduktion]]/real_zu_spiel_stromproduktion -> 0 | J45: =Table1[[#This Row],[REAL Stromspeicher]]/real_zu_spiel_stromspeicher -> 0 | K45: 2 | R45: 0 | U45: 2 | Z45: =_xlfn.TEXTJOIN( "XX", TRUE, IF(OR(F45="",F45=0),"",REPT(IF(F45>0,"EN","EM"),ABS(F45))), IF(OR(H45="",H45=0),"",REPT(IF(H45>0,"BM","BP"),ABS(H45))), REPT("SP",I45), REPT("FL",J45), REPT("WS",K45), REPT("EF",L45), IF(OR(M45="",M45=0),"",REPT(IF(M45>0,"ZU","ZM"),ABS(M45))), IF(D45="FW","XXFW",IF(D45="BIO","XXBI",IF(D45="ABWWP","XXWP",IF(D45="WP","XXWP",IF(D45="GG","XXGG",""))))) ) -> WSWS | AA45: =CHAR(34)&VLOOKUP(Table1[[#This Row],[Name]],'Massnahmenkarten Texte'!A:C,3,FALSE)&CHAR(34) -> "Natürlicher Dämmstoff. Geringe Umweltbelastung und recyclebar."
A46: Standardsanierung | B46: Dämmung | C46: 1 | E46: 1 | G46: =Table1[[#This Row],[REAL Sofort CO2]]/kgemission_per_sp -> 20 | H46: =Table1[[#This Row],[REAL Strombedarf]]/real_zu_spiel_strombedarf -> 0 | I46: =Table1[[#This Row],[REAL Stromproduktion]]/real_zu_spiel_stromproduktion -> 0 | J46: =Table1[[#This Row],[REAL Stromspeicher]]/real_zu_spiel_stromspeicher -> 0 | K46: 3 | Q46: 20 | R46: 0 | U46: 3 | Z46: =_xlfn.TEXTJOIN( "XX", TRUE, IF(OR(F46="",F46=0),"",REPT(IF(F46>0,"EN","EM"),ABS(F46))), IF(OR(H46="",H46=0),"",REPT(IF(H46>0,"BM","BP"),ABS(H46))), REPT("SP",I46), REPT("FL",J46), REPT("WS",K46), REPT("EF",L46), IF(OR(M46="",M46=0),"",REPT(IF(M46>0,"ZU","ZM"),ABS(M46))), IF(D46="FW","XXFW",IF(D46="BIO","XXBI",IF(D46="ABWWP","XXWP",IF(D46="WP","XXWP",IF(D46="GG","XXGG",""))))) ) -> WSWSWS | AA46: =CHAR(34)&VLOOKUP(Table1[[#This Row],[Name]],'Massnahmenkarten Texte'!A:C,3,FALSE)&CHAR(34) -> "Das Gebäude wird auf den gesetzlichen Mindestandard gebracht. Der Wärmeschutz verbessert sich, die eingesetzten Materialien sind fossil."
A47: Standardsanierung ökologisch | B47: Dämmung | C47: 1 | E47: 2 | G47: 5 | H47: =Table1[[#This Row],[REAL Strombedarf]]/real_zu_spiel_strombedarf -> 0 | I47: =Table1[[#This Row],[REAL Stromproduktion]]/real_zu_spiel_stromproduktion -> 0 | J47: =Table1[[#This Row],[REAL Stromspeicher]]/real_zu_spiel_stromspeicher -> 0 | K47: 3 | Q47: -2 | R47: 0 | U47: 3 | Z47: =_xlfn.TEXTJOIN( "XX", TRUE, IF(OR(F47="",F47=0),"",REPT(IF(F47>0,"EN","EM"),ABS(F47))), IF(OR(H47="",H47=0),"",REPT(IF(H47>0,"BM","BP"),ABS(H47))), REPT("SP",I47), REPT("FL",J47), REPT("WS",K47), REPT("EF",L47), IF(OR(M47="",M47=0),"",REPT(IF(M47>0,"ZU","ZM"),ABS(M47))), IF(D47="FW","XXFW",IF(D47="BIO","XXBI",IF(D47="ABWWP","XXWP",IF(D47="WP","XXWP",IF(D47="GG","XXGG",""))))) ) -> WSWSWS | AA47: =CHAR(34)&VLOOKUP(Table1[[#This Row],[Name]],'Massnahmenkarten Texte'!A:C,3,FALSE)&CHAR(34) -> "Hochwertigster Wärmeschutz, luftdichte Gebäudehülle. Die verwendeten ökologischen Baustoffe reduzieren Emissionen."
A48: Türen abdichten | B48: Dämmung | C48: 0 | E48: 999 | G48: =Table1[[#This Row],[REAL Sofort CO2]]/kgemission_per_sp -> 0 | H48: =Table1[[#This Row],[REAL Strombedarf]]/real_zu_spiel_strombedarf -> 0 | I48: =Table1[[#This Row],[REAL Stromproduktion]]/real_zu_spiel_stromproduktion -> 0 | J48: =Table1[[#This Row],[REAL Stromspeicher]]/real_zu_spiel_stromspeicher -> 0 | K48: 1 | R48: 0 | U48: 1 | Z48: =_xlfn.TEXTJOIN( "XX", TRUE, IF(OR(F48="",F48=0),"",REPT(IF(F48>0,"EN","EM"),ABS(F48))), IF(OR(H48="",H48=0),"",REPT(IF(H48>0,"BM","BP"),ABS(H48))), REPT("SP",I48), REPT("FL",J48), REPT("WS",K48), REPT("EF",L48), IF(OR(M48="",M48=0),"",REPT(IF(M48>0,"ZU","ZM"),ABS(M48))), IF(D48="FW","XXFW",IF(D48="BIO","XXBI",IF(D48="ABWWP","XXWP",IF(D48="WP","XXWP",IF(D48="GG","XXGG",""))))) ) -> WS | AA48: =CHAR(34)&VLOOKUP(Table1[[#This Row],[Name]],'Massnahmenkarten Texte'!A:C,3,FALSE)&CHAR(34) -> "Schließen Sie die Spalten zwischen Tür und Türrahmen, um Energieverluste durch Luftströme zu vermeiden."
A49: Türen tauschen | B49: Dämmung | C49: 0 | E49: 999 | G49: =Table1[[#This Row],[REAL Sofort CO2]]/kgemission_per_sp -> 0 | H49: =Table1[[#This Row],[REAL Strombedarf]]/real_zu_spiel_strombedarf -> 0 | I49: =Table1[[#This Row],[REAL Stromproduktion]]/real_zu_spiel_stromproduktion -> 0 | J49: =Table1[[#This Row],[REAL Stromspeicher]]/real_zu_spiel_stromspeicher -> 0 | K49: 1 | R49: 0 | U49: 1 | Z49: =_xlfn.TEXTJOIN( "XX", TRUE, IF(OR(F49="",F49=0),"",REPT(IF(F49>0,"EN","EM"),ABS(F49))), IF(OR(H49="",H49=0),"",REPT(IF(H49>0,"BM","BP"),ABS(H49))), REPT("SP",I49), REPT("FL",J49), REPT("WS",K49), REPT("EF",L49), IF(OR(M49="",M49=0),"",REPT(IF(M49>0,"ZU","ZM"),ABS(M49))), IF(D49="FW","XXFW",IF(D49="BIO","XXBI",IF(D49="ABWWP","XXWP",IF(D49="WP","XXWP",IF(D49="GG","XXGG",""))))) ) -> WS | AA49: =CHAR(34)&VLOOKUP(Table1[[#This Row],[Name]],'Massnahmenkarten Texte'!A:C,3,FALSE)&CHAR(34) -> "Eine besser isolierte Tür reduziert die Transmissionsverluste."
A50: Wärmedämmung mit Stuckelementen | B50: Dämmung | C50: 0 | E50: 999 | G50: =Table1[[#This Row],[REAL Sofort CO2]]/kgemission_per_sp -> 0 | H50: =Table1[[#This Row],[REAL Strombedarf]]/real_zu_spiel_strombedarf -> 0 | I50: =Table1[[#This Row],[REAL Stromproduktion]]/real_zu_spiel_stromproduktion -> 0 | J50: =Table1[[#This Row],[REAL Stromspeicher]]/real_zu_spiel_stromspeicher -> 0 | K50: 2 | R50: 0 | U50: 2 | Z50: =_xlfn.TEXTJOIN( "XX", TRUE, IF(OR(F50="",F50=0),"",REPT(IF(F50>0,"EN","EM"),ABS(F50))), IF(OR(H50="",H50=0),"",REPT(IF(H50>0,"BM","BP"),ABS(H50))), REPT("SP",I50), REPT("FL",J50), REPT("WS",K50), REPT("EF",L50), IF(OR(M50="",M50=0),"",REPT(IF(M50>0,"ZU","ZM"),ABS(M50))), IF(D50="FW","XXFW",IF(D50="BIO","XXBI",IF(D50="ABWWP","XXWP",IF(D50="WP","XXWP",IF(D50="GG","XXGG",""))))) ) -> WSWS | AA50: =CHAR(34)&VLOOKUP(Table1[[#This Row],[Name]],'Massnahmenkarten Texte'!A:C,3,FALSE)&CHAR(34) -> "zu speziell"
A51: Zellulosedämmung | B51: Dämmung | C51: 0 | E51: 999 | G51: =Table1[[#This Row],[REAL Sofort CO2]]/kgemission_per_sp -> 0 | H51: =Table1[[#This Row],[REAL Strombedarf]]/real_zu_spiel_strombedarf -> 0 | I51: =Table1[[#This Row],[REAL Stromproduktion]]/real_zu_spiel_stromproduktion -> 0 | J51: =Table1[[#This Row],[REAL Stromspeicher]]/real_zu_spiel_stromspeicher -> 0 | K51: 2 | R51: 0 | U51: 2 | Z51: =_xlfn.TEXTJOIN( "XX", TRUE, IF(OR(F51="",F51=0),"",REPT(IF(F51>0,"EN","EM"),ABS(F51))), IF(OR(H51="",H51=0),"",REPT(IF(H51>0,"BM","BP"),ABS(H51))), REPT("SP",I51), REPT("FL",J51), REPT("WS",K51), REPT("EF",L51), IF(OR(M51="",M51=0),"",REPT(IF(M51>0,"ZU","ZM"),ABS(M51))), IF(D51="FW","XXFW",IF(D51="BIO","XXBI",IF(D51="ABWWP","XXWP",IF(D51="WP","XXWP",IF(D51="GG","XXGG",""))))) ) -> WSWS | AA51: =CHAR(34)&VLOOKUP(Table1[[#This Row],[Name]],'Massnahmenkarten Texte'!A:C,3,FALSE)&CHAR(34) -> "Natürlicher Dämmstoff. Geringe Umweltbelastung und recyclebar."
A52: Zellulosedämmung | B52: Dämmung | C52: 0 | E52: 999 | G52: =Table1[[#This Row],[REAL Sofort CO2]]/kgemission_per_sp -> 0 | H52: =Table1[[#This Row],[REAL Strombedarf]]/real_zu_spiel_strombedarf -> 0 | I52: =Table1[[#This Row],[REAL Stromproduktion]]/real_zu_spiel_stromproduktion -> 0 | J52: =Table1[[#This Row],[REAL Stromspeicher]]/real_zu_spiel_stromspeicher -> 0 | K52: 2 | R52: 0 | U52: 2 | Z52: =_xlfn.TEXTJOIN( "XX", TRUE, IF(OR(F52="",F52=0),"",REPT(IF(F52>0,"EN","EM"),ABS(F52))), IF(OR(H52="",H52=0),"",REPT(IF(H52>0,"BM","BP"),ABS(H52))), REPT("SP",I52), REPT("FL",J52), REPT("WS",K52), REPT("EF",L52), IF(OR(M52="",M52=0),"",REPT(IF(M52>0,"ZU","ZM"),ABS(M52))), IF(D52="FW","XXFW",IF(D52="BIO","XXBI",IF(D52="ABWWP","XXWP",IF(D52="WP","XXWP",IF(D52="GG","XXGG",""))))) ) -> WSWS | AA52: =CHAR(34)&VLOOKUP(Table1[[#This Row],[Name]],'Massnahmenkarten Texte'!A:C,3,FALSE)&CHAR(34) -> "Natürlicher Dämmstoff. Geringe Umweltbelastung und recyclebar."
A53: Fenstertausch: Holz-Alu | B53: Fenster | C53: 1 | E53: 2 | G53: =Table1[[#This Row],[REAL Sofort CO2]]/kgemission_per_sp -> 10 | H53: =Table1[[#This Row],[REAL Strombedarf]]/real_zu_spiel_strombedarf -> 0 | I53: =Table1[[#This Row],[REAL Stromproduktion]]/real_zu_spiel_stromproduktion -> 0 | J53: =Table1[[#This Row],[REAL Stromspeicher]]/real_zu_spiel_stromspeicher -> 0 | K53: 1 | Q53: 10 | R53: 0 | U53: 1 | Z53: =_xlfn.TEXTJOIN( "XX", TRUE, IF(OR(F53="",F53=0),"",REPT(IF(F53>0,"EN","EM"),ABS(F53))), IF(OR(H53="",H53=0),"",REPT(IF(H53>0,"BM","BP"),ABS(H53))), REPT("SP",I53), REPT("FL",J53), REPT("WS",K53), REPT("EF",L53), IF(OR(M53="",M53=0),"",REPT(IF(M53>0,"ZU","ZM"),ABS(M53))), IF(D53="FW","XXFW",IF(D53="BIO","XXBI",IF(D53="ABWWP","XXWP",IF(D53="WP","XXWP",IF(D53="GG","XXGG",""))))) ) -> WS | AA53: =CHAR(34)&VLOOKUP(Table1[[#This Row],[Name]],'Massnahmenkarten Texte'!A:C,3,FALSE)&CHAR(34) -> "Holz-Alu-Fenster verbessern den Wärmeschutz, sind aber hochwertiger und langlebiger als Plastikfenster. Sie kosten auch mehr."
A54: Fenstertausch: Passivhaus | B54: Fenster | C54: 1 | E54: 2 | G54: =Table1[[#This Row],[REAL Sofort CO2]]/kgemission_per_sp -> 20 | H54: =Table1[[#This Row],[REAL Strombedarf]]/real_zu_spiel_strombedarf -> 0 | I54: =Table1[[#This Row],[REAL Stromproduktion]]/real_zu_spiel_stromproduktion -> 0 | J54: =Table1[[#This Row],[REAL Stromspeicher]]/real_zu_spiel_stromspeicher -> 0 | K54: 2 | Q54: 20 | R54: 0 | U54: 2 | Z54: =_xlfn.TEXTJOIN( "XX", TRUE, IF(OR(F54="",F54=0),"",REPT(IF(F54>0,"EN","EM"),ABS(F54))), IF(OR(H54="",H54=0),"",REPT(IF(H54>0,"BM","BP"),ABS(H54))), REPT("SP",I54), REPT("FL",J54), REPT("WS",K54), REPT("EF",L54), IF(OR(M54="",M54=0),"",REPT(IF(M54>0,"ZU","ZM"),ABS(M54))), IF(D54="FW","XXFW",IF(D54="BIO","XXBI",IF(D54="ABWWP","XXWP",IF(D54="WP","XXWP",IF(D54="GG","XXGG",""))))) ) -> WSWS | AA54: =CHAR(34)&VLOOKUP(Table1[[#This Row],[Name]],'Massnahmenkarten Texte'!A:C,3,FALSE)&CHAR(34) -> "Passivhausfenster bieten deutlich besseren Wärmeschutz und erhöhen den Wohnkomfort, besonders durch weniger Zugluft und wärmere Glasoberflächen. Sie sind teurer und verursachen durch die aufwendigere Konstruktion zusätzliche graue Emissionen."
A55: Fenstertausch: Passivhaus ökologisch | B55: Fenster | C55: 1 | E55: 3 | G55: =Table1[[#This Row],[REAL Sofort CO2]]/kgemission_per_sp -> 10 | H55: =Table1[[#This Row],[REAL Strombedarf]]/real_zu_spiel_strombedarf -> 0 | I55: =Table1[[#This Row],[REAL Stromproduktion]]/real_zu_spiel_stromproduktion -> 0 | J55: =Table1[[#This Row],[REAL Stromspeicher]]/real_zu_spiel_stromspeicher -> 0 | K55: 2 | Q55: 10 | R55: 0 | U55: 2 | Z55: =_xlfn.TEXTJOIN( "XX", TRUE, IF(OR(F55="",F55=0),"",REPT(IF(F55>0,"EN","EM"),ABS(F55))), IF(OR(H55="",H55=0),"",REPT(IF(H55>0,"BM","BP"),ABS(H55))), REPT("SP",I55), REPT("FL",J55), REPT("WS",K55), REPT("EF",L55), IF(OR(M55="",M55=0),"",REPT(IF(M55>0,"ZU","ZM"),ABS(M55))), IF(D55="FW","XXFW",IF(D55="BIO","XXBI",IF(D55="ABWWP","XXWP",IF(D55="WP","XXWP",IF(D55="GG","XXGG",""))))) ) -> WSWS | AA55: =CHAR(34)&VLOOKUP(Table1[[#This Row],[Name]],'Massnahmenkarten Texte'!A:C,3,FALSE)&CHAR(34) -> "Ökologische Passivhausfenster verbinden sehr guten Wärmeschutz mit möglichst klimafreundlichen Materialien. Sie sind die teuerste Variante, reduzieren aber die grauen Emissionen gegenüber konventionellen Passivhausfenstern deutlich."
A56: Fenstertausch: Plastik | B56: Fenster | C56: 1 | E56: 1 | G56: =Table1[[#This Row],[REAL Sofort CO2]]/kgemission_per_sp -> 30 | H56: =Table1[[#This Row],[REAL Strombedarf]]/real_zu_spiel_strombedarf -> 0 | I56: =Table1[[#This Row],[REAL Stromproduktion]]/real_zu_spiel_stromproduktion -> 0 | J56: =Table1[[#This Row],[REAL Stromspeicher]]/real_zu_spiel_stromspeicher -> 0 | K56: 1 | Q56: 30 | R56: 0 | U56: 1 | Z56: =_xlfn.TEXTJOIN( "XX", TRUE, IF(OR(F56="",F56=0),"",REPT(IF(F56>0,"EN","EM"),ABS(F56))), IF(OR(H56="",H56=0),"",REPT(IF(H56>0,"BM","BP"),ABS(H56))), REPT("SP",I56), REPT("FL",J56), REPT("WS",K56), REPT("EF",L56), IF(OR(M56="",M56=0),"",REPT(IF(M56>0,"ZU","ZM"),ABS(M56))), IF(D56="FW","XXFW",IF(D56="BIO","XXBI",IF(D56="ABWWP","XXWP",IF(D56="WP","XXWP",IF(D56="GG","XXGG",""))))) ) -> WS | AA56: =CHAR(34)&VLOOKUP(Table1[[#This Row],[Name]],'Massnahmenkarten Texte'!A:C,3,FALSE)&CHAR(34) -> "Kunststofffenster sind die günstige Standardlösung und verbessern den Wärmeschutz etwas. Sie verursachen geringe bis mittlere graue Emissionen, bleiben aber in Komfort und Klimawirkung begrenzt."
A57: Tausch der Verglasung | B57: Fenster | C57: 1 | E57: 1 | G57: =Table1[[#This Row],[REAL Sofort CO2]]/kgemission_per_sp -> 0 | H57: =Table1[[#This Row],[REAL Strombedarf]]/real_zu_spiel_strombedarf -> 0 | I57: =Table1[[#This Row],[REAL Stromproduktion]]/real_zu_spiel_stromproduktion -> 0 | J57: =Table1[[#This Row],[REAL Stromspeicher]]/real_zu_spiel_stromspeicher -> 0 | K57: 1 | R57: 0 | U57: 1 | Z57: =_xlfn.TEXTJOIN( "XX", TRUE, IF(OR(F57="",F57=0),"",REPT(IF(F57>0,"EN","EM"),ABS(F57))), IF(OR(H57="",H57=0),"",REPT(IF(H57>0,"BM","BP"),ABS(H57))), REPT("SP",I57), REPT("FL",J57), REPT("WS",K57), REPT("EF",L57), IF(OR(M57="",M57=0),"",REPT(IF(M57>0,"ZU","ZM"),ABS(M57))), IF(D57="FW","XXFW",IF(D57="BIO","XXBI",IF(D57="ABWWP","XXWP",IF(D57="WP","XXWP",IF(D57="GG","XXGG",""))))) ) -> WS | AA57: =CHAR(34)&VLOOKUP(Table1[[#This Row],[Name]],'Massnahmenkarten Texte'!A:C,3,FALSE)&CHAR(34) -> "Beim Tausch der Verglasung bleiben die bestehenden Fensterrahmen erhalten, nur die Scheiben werden verbessert. Das ist günstiger und verursacht weniger Eingriff als ein kompletter Fenstertausch, bringt aber nur eine begrenzte Verbesserung des Wärmeschutzes."
A58: Dezentrale Lüftungsgeräte | B58: Lüftung | C58: 1 | E58: 1 | G58: =Table1[[#This Row],[REAL Sofort CO2]]/kgemission_per_sp -> 0 | H58: =Table1[[#This Row],[REAL Strombedarf]]/real_zu_spiel_strombedarf -> 0 | I58: =Table1[[#This Row],[REAL Stromproduktion]]/real_zu_spiel_stromproduktion -> 0 | J58: =Table1[[#This Row],[REAL Stromspeicher]]/real_zu_spiel_stromspeicher -> 0 | K58: 1 | R58: 0 | U58: 1 | Z58: =_xlfn.TEXTJOIN( "XX", TRUE, IF(OR(F58="",F58=0),"",REPT(IF(F58>0,"EN","EM"),ABS(F58))), IF(OR(H58="",H58=0),"",REPT(IF(H58>0,"BM","BP"),ABS(H58))), REPT("SP",I58), REPT("FL",J58), REPT("WS",K58), REPT("EF",L58), IF(OR(M58="",M58=0),"",REPT(IF(M58>0,"ZU","ZM"),ABS(M58))), IF(D58="FW","XXFW",IF(D58="BIO","XXBI",IF(D58="ABWWP","XXWP",IF(D58="WP","XXWP",IF(D58="GG","XXGG",""))))) ) -> WS | AA58: =CHAR(34)&VLOOKUP(Table1[[#This Row],[Name]],'Massnahmenkarten Texte'!A:C,3,FALSE)&CHAR(34) -> "Dezentrale Lüftungsgeräte werden raumweise eingebaut und brauchen weniger Eingriffe in die bestehende Bausubstanz. Sie sind meist günstiger und einfacher nachzurüsten, bringen aber weniger Komfort und Energieeinsparung als eine gute zentrale Lösung."
A59: Fensterfalzlüftung | B59: Lüftung | C59: 0 | E59: 999 | G59: =Table1[[#This Row],[REAL Sofort CO2]]/kgemission_per_sp -> 0 | H59: =Table1[[#This Row],[REAL Strombedarf]]/real_zu_spiel_strombedarf -> 0 | I59: =Table1[[#This Row],[REAL Stromproduktion]]/real_zu_spiel_stromproduktion -> 0 | J59: =Table1[[#This Row],[REAL Stromspeicher]]/real_zu_spiel_stromspeicher -> 0 | K59: 1 | R59: 0 | U59: 1 | Z59: =_xlfn.TEXTJOIN( "XX", TRUE, IF(OR(F59="",F59=0),"",REPT(IF(F59>0,"EN","EM"),ABS(F59))), IF(OR(H59="",H59=0),"",REPT(IF(H59>0,"BM","BP"),ABS(H59))), REPT("SP",I59), REPT("FL",J59), REPT("WS",K59), REPT("EF",L59), IF(OR(M59="",M59=0),"",REPT(IF(M59>0,"ZU","ZM"),ABS(M59))), IF(D59="FW","XXFW",IF(D59="BIO","XXBI",IF(D59="ABWWP","XXWP",IF(D59="WP","XXWP",IF(D59="GG","XXGG",""))))) ) -> WS | AA59: =CHAR(34)&VLOOKUP(Table1[[#This Row],[Name]],'Massnahmenkarten Texte'!A:C,3,FALSE)&CHAR(34) -> "Durch das Anbringen von Lüftungsöffnungen an den Fenstern wird eine ausreichende Luftzirkulation gewährleistet, damit sich kein Schimmel bilden kann."
A60: Lüftungs-Brüstungsgeräte | B60: Lüftung | C60: 0 | E60: 999 | G60: =Table1[[#This Row],[REAL Sofort CO2]]/kgemission_per_sp -> 0 | H60: =Table1[[#This Row],[REAL Strombedarf]]/real_zu_spiel_strombedarf -> 0 | I60: =Table1[[#This Row],[REAL Stromproduktion]]/real_zu_spiel_stromproduktion -> 0 | J60: =Table1[[#This Row],[REAL Stromspeicher]]/real_zu_spiel_stromspeicher -> 0 | K60: 1 | R60: 0 | U60: 1 | Z60: =_xlfn.TEXTJOIN( "XX", TRUE, IF(OR(F60="",F60=0),"",REPT(IF(F60>0,"EN","EM"),ABS(F60))), IF(OR(H60="",H60=0),"",REPT(IF(H60>0,"BM","BP"),ABS(H60))), REPT("SP",I60), REPT("FL",J60), REPT("WS",K60), REPT("EF",L60), IF(OR(M60="",M60=0),"",REPT(IF(M60>0,"ZU","ZM"),ABS(M60))), IF(D60="FW","XXFW",IF(D60="BIO","XXBI",IF(D60="ABWWP","XXWP",IF(D60="WP","XXWP",IF(D60="GG","XXGG",""))))) ) -> WS | AA60: =CHAR(34)&VLOOKUP(Table1[[#This Row],[Name]],'Massnahmenkarten Texte'!A:C,3,FALSE)&CHAR(34) -> "Lüftungslösungen, die im Boden, an der Decke oder in der Brüstung (zwischen Boden und Fenster, wie ein Heizkörper) installiert werden können."
A61: Lüftungsanlage mit Wärmerückgewinnung | B61: Lüftung | C61: 1 | E61: 3 | G61: =Table1[[#This Row],[REAL Sofort CO2]]/kgemission_per_sp -> 10 | H61: =Table1[[#This Row],[REAL Strombedarf]]/real_zu_spiel_strombedarf -> 1 | I61: =Table1[[#This Row],[REAL Stromproduktion]]/real_zu_spiel_stromproduktion -> 0 | J61: =Table1[[#This Row],[REAL Stromspeicher]]/real_zu_spiel_stromspeicher -> 0 | K61: 2 | M61: 1 | Q61: 10 | R61: 5 | U61: 2 | Z61: =_xlfn.TEXTJOIN( "XX", TRUE, IF(OR(F61="",F61=0),"",REPT(IF(F61>0,"EN","EM"),ABS(F61))), IF(OR(H61="",H61=0),"",REPT(IF(H61>0,"BM","BP"),ABS(H61))), REPT("SP",I61), REPT("FL",J61), REPT("WS",K61), REPT("EF",L61), IF(OR(M61="",M61=0),"",REPT(IF(M61>0,"ZU","ZM"),ABS(M61))), IF(D61="FW","XXFW",IF(D61="BIO","XXBI",IF(D61="ABWWP","XXWP",IF(D61="WP","XXWP",IF(D61="GG","XXGG",""))))) ) -> BMXXWSWSXXZU | AA61: =CHAR(34)&VLOOKUP(Table1[[#This Row],[Name]],'Massnahmenkarten Texte'!A:C,3,FALSE)&CHAR(34) -> "Eine Komfortlüftung sorgt für hygienischen Luftwechsel und gewinnt einen großen Teil der Wärme aus der Abluft zurück. Sie verbessert Komfort und Wärmeschutz spürbar, ist aber teuer und erhöht den Strombedarf."
A62: Mechanische Abluftanlagen | B62: Lüftung | C62: 1 | E62: 1 | G62: =Table1[[#This Row],[REAL Sofort CO2]]/kgemission_per_sp -> 0 | H62: =Table1[[#This Row],[REAL Strombedarf]]/real_zu_spiel_strombedarf -> 0 | I62: =Table1[[#This Row],[REAL Stromproduktion]]/real_zu_spiel_stromproduktion -> 0 | J62: =Table1[[#This Row],[REAL Stromspeicher]]/real_zu_spiel_stromspeicher -> 0 | K62: 0 | M62: 1 | R62: 0 | U62: 0 | Z62: =_xlfn.TEXTJOIN( "XX", TRUE, IF(OR(F62="",F62=0),"",REPT(IF(F62>0,"EN","EM"),ABS(F62))), IF(OR(H62="",H62=0),"",REPT(IF(H62>0,"BM","BP"),ABS(H62))), REPT("SP",I62), REPT("FL",J62), REPT("WS",K62), REPT("EF",L62), IF(OR(M62="",M62=0),"",REPT(IF(M62>0,"ZU","ZM"),ABS(M62))), IF(D62="FW","XXFW",IF(D62="BIO","XXBI",IF(D62="ABWWP","XXWP",IF(D62="WP","XXWP",IF(D62="GG","XXGG",""))))) ) -> ZU | AA62: =CHAR(34)&VLOOKUP(Table1[[#This Row],[Name]],'Massnahmenkarten Texte'!A:C,3,FALSE)&CHAR(34) -> "Eine mechanische Abluftanlage führt verbrauchte und feuchte Luft aus Bad, WC oder Küche ab und verbessert damit Hygiene und Wohnkomfort. Da keine Wärmerückgewinnung erfolgt, reduziert sie die Lüftungswärmeverluste nicht und bringt kaum energetischen Vorteil."
A63: Zentrale Lüftungsanlage | B63: Lüftung | C63: 1 | E63: 2 | G63: =Table1[[#This Row],[REAL Sofort CO2]]/kgemission_per_sp -> 5 | H63: =Table1[[#This Row],[REAL Strombedarf]]/real_zu_spiel_strombedarf -> 1 | I63: =Table1[[#This Row],[REAL Stromproduktion]]/real_zu_spiel_stromproduktion -> 0 | J63: =Table1[[#This Row],[REAL Stromspeicher]]/real_zu_spiel_stromspeicher -> 0 | K63: 1 | M63: 1 | Q63: 5 | R63: 5 | U63: 1 | Z63: =_xlfn.TEXTJOIN( "XX", TRUE, IF(OR(F63="",F63=0),"",REPT(IF(F63>0,"EN","EM"),ABS(F63))), IF(OR(H63="",H63=0),"",REPT(IF(H63>0,"BM","BP"),ABS(H63))), REPT("SP",I63), REPT("FL",J63), REPT("WS",K63), REPT("EF",L63), IF(OR(M63="",M63=0),"",REPT(IF(M63>0,"ZU","ZM"),ABS(M63))), IF(D63="FW","XXFW",IF(D63="BIO","XXBI",IF(D63="ABWWP","XXWP",IF(D63="WP","XXWP",IF(D63="GG","XXGG",""))))) ) -> BMXXWSXXZU | AA63: =CHAR(34)&VLOOKUP(Table1[[#This Row],[Name]],'Massnahmenkarten Texte'!A:C,3,FALSE)&CHAR(34) -> "Eine zentrale Lüftungsanlage sorgt für geregelten, hygienischen Luftwechsel im Gebäude. In der einfachen Ausführung ist sie günstiger, reduziert aber die Lüftungswärmeverluste weniger stark als eine Komfortlüftung mit effizienter Wärmerückgewinnung."
A64: Abwasserwärmepumpen | B64: Wärmeerzeugung | C64: 1 | D64: WP | E64: 3 | G64: =Table1[[#This Row],[REAL Sofort CO2]]/kgemission_per_sp -> 0 | H64: =Table1[[#This Row],[REAL Strombedarf]]/real_zu_spiel_strombedarf -> 0 | I64: =Table1[[#This Row],[REAL Stromproduktion]]/real_zu_spiel_stromproduktion -> 0 | J64: =Table1[[#This Row],[REAL Stromspeicher]]/real_zu_spiel_stromspeicher -> 0 | L64: 2 | R64: 0 | V64: 2 | Z64: =_xlfn.TEXTJOIN( "XX", TRUE, IF(OR(F64="",F64=0),"",REPT(IF(F64>0,"EN","EM"),ABS(F64))), IF(OR(H64="",H64=0),"",REPT(IF(H64>0,"BM","BP"),ABS(H64))), REPT("SP",I64), REPT("FL",J64), REPT("WS",K64), REPT("EF",L64), IF(OR(M64="",M64=0),"",REPT(IF(M64>0,"ZU","ZM"),ABS(M64))), IF(D64="FW","XXFW",IF(D64="BIO","XXBI",IF(D64="ABWWP","XXWP",IF(D64="WP","XXWP",IF(D64="GG","XXGG",""))))) ) -> EFEFXXXXWP | AA64: =CHAR(34)&VLOOKUP(Table1[[#This Row],[Name]],'Massnahmenkarten Texte'!A:C,3,FALSE)&CHAR(34) -> "Eine Abwasser-Wärmepumpe nutzt Wärme aus dem Abwasser, die sonst ungenutzt verloren gehen würde. Sie kann sehr effizient sein und viele Emissionen sparen, ist aber eine technisch anspruchsvolle und meist teurere Lösung."
A65: Biomasse-Kessel | B65: Wärmeerzeugung | C65: 1 | D65: BIO | E65: 1 | G65: =Table1[[#This Row],[REAL Sofort CO2]]/kgemission_per_sp -> 0 | H65: =Table1[[#This Row],[REAL Strombedarf]]/real_zu_spiel_strombedarf -> 0 | I65: =Table1[[#This Row],[REAL Stromproduktion]]/real_zu_spiel_stromproduktion -> 0 | J65: =Table1[[#This Row],[REAL Stromspeicher]]/real_zu_spiel_stromspeicher -> 0 | M65: -1 | R65: 0 | Z65: =_xlfn.TEXTJOIN( "XX", TRUE, IF(OR(F65="",F65=0),"",REPT(IF(F65>0,"EN","EM"),ABS(F65))), IF(OR(H65="",H65=0),"",REPT(IF(H65>0,"BM","BP"),ABS(H65))), REPT("SP",I65), REPT("FL",J65), REPT("WS",K65), REPT("EF",L65), IF(OR(M65="",M65=0),"",REPT(IF(M65>0,"ZU","ZM"),ABS(M65))), IF(D65="FW","XXFW",IF(D65="BIO","XXBI",IF(D65="ABWWP","XXWP",IF(D65="WP","XXWP",IF(D65="GG","XXGG",""))))) ) -> ZMXXXXBI | AA65: =CHAR(34)&VLOOKUP(Table1[[#This Row],[Name]],'Massnahmenkarten Texte'!A:C,3,FALSE)&CHAR(34) -> "Biomasse kann günstig erneuerbare Wärme bereitstellen und bestehende Heizsysteme teilweise gut ersetzen. In der Stadt ist sie aber wegen Lagerung, Anlieferung, Feinstaub und anderen Immissionen oft schwer umsetzbar."
A66: Dezentrale Luftwärmepumpe | B66: Wärmeerzeugung | C66: 1 | D66: WP | E66: 1 | G66: =Table1[[#This Row],[REAL Sofort CO2]]/kgemission_per_sp -> 0 | H66: =Table1[[#This Row],[REAL Strombedarf]]/real_zu_spiel_strombedarf -> 0 | I66: =Table1[[#This Row],[REAL Stromproduktion]]/real_zu_spiel_stromproduktion -> 0 | J66: =Table1[[#This Row],[REAL Stromspeicher]]/real_zu_spiel_stromspeicher -> 0 | L66: 1 | M66: -1 | R66: 0 | T66: 0 | V66: 1 | Z66: =_xlfn.TEXTJOIN( "XX", TRUE, IF(OR(F66="",F66=0),"",REPT(IF(F66>0,"EN","EM"),ABS(F66))), IF(OR(H66="",H66=0),"",REPT(IF(H66>0,"BM","BP"),ABS(H66))), REPT("SP",I66), REPT("FL",J66), REPT("WS",K66), REPT("EF",L66), IF(OR(M66="",M66=0),"",REPT(IF(M66>0,"ZU","ZM"),ABS(M66))), IF(D66="FW","XXFW",IF(D66="BIO","XXBI",IF(D66="ABWWP","XXWP",IF(D66="WP","XXWP",IF(D66="GG","XXGG",""))))) ) -> EFXXZMXXXXWP | AA66: =CHAR(34)&VLOOKUP(Table1[[#This Row],[Name]],'Massnahmenkarten Texte'!A:C,3,FALSE)&CHAR(34) -> "Eine dezentrale Luftwärmepumpe ist vergleichsweise günstig und kann einzelne Wohnungen oder Bereiche direkt versorgen. Sie nutzt Außenluft als Wärmequelle, ist aber weniger effizient und kann durch Außengeräte, Lärm oder Platzbedarf im städtischen Umfeld problematisch sein."
A67: Erdwärmepumpe | B67: Wärmeerzeugung | C67: 1 | D67: WP | E67: 2 | G67: =Table1[[#This Row],[REAL Sofort CO2]]/kgemission_per_sp -> 10 | H67: =Table1[[#This Row],[REAL Strombedarf]]/real_zu_spiel_strombedarf -> 0 | I67: =Table1[[#This Row],[REAL Stromproduktion]]/real_zu_spiel_stromproduktion -> 0 | J67: =Table1[[#This Row],[REAL Stromspeicher]]/real_zu_spiel_stromspeicher -> 0 | L67: 2 | Q67: 10 | R67: 0 | T67: 0 | V67: 2 | Z67: =_xlfn.TEXTJOIN( "XX", TRUE, IF(OR(F67="",F67=0),"",REPT(IF(F67>0,"EN","EM"),ABS(F67))), IF(OR(H67="",H67=0),"",REPT(IF(H67>0,"BM","BP"),ABS(H67))), REPT("SP",I67), REPT("FL",J67), REPT("WS",K67), REPT("EF",L67), IF(OR(M67="",M67=0),"",REPT(IF(M67>0,"ZU","ZM"),ABS(M67))), IF(D67="FW","XXFW",IF(D67="BIO","XXBI",IF(D67="ABWWP","XXWP",IF(D67="WP","XXWP",IF(D67="GG","XXGG",""))))) ) -> EFEFXXXXWP | AA67: =CHAR(34)&VLOOKUP(Table1[[#This Row],[Name]],'Massnahmenkarten Texte'!A:C,3,FALSE)&CHAR(34) -> "Eine Erdwärmepumpe nutzt Wärme aus dem Erdreich und arbeitet dadurch meist sehr effizient und stabil. Sie spart viele Emissionen, ist aber wegen Bohrungen oder Erdarbeiten teuer und aufwendig umzusetzen."
A68: Fernwärme-Anschluss | B68: Wärmeerzeugung | C68: 1 | D68: FW | E68: 1 | G68: =Table1[[#This Row],[REAL Sofort CO2]]/kgemission_per_sp -> 0 | H68: =Table1[[#This Row],[REAL Strombedarf]]/real_zu_spiel_strombedarf -> 0 | I68: =Table1[[#This Row],[REAL Stromproduktion]]/real_zu_spiel_stromproduktion -> 0 | J68: =Table1[[#This Row],[REAL Stromspeicher]]/real_zu_spiel_stromspeicher -> 0 | R68: 0 | Z68: =_xlfn.TEXTJOIN( "XX", TRUE, IF(OR(F68="",F68=0),"",REPT(IF(F68>0,"EN","EM"),ABS(F68))), IF(OR(H68="",H68=0),"",REPT(IF(H68>0,"BM","BP"),ABS(H68))), REPT("SP",I68), REPT("FL",J68), REPT("WS",K68), REPT("EF",L68), IF(OR(M68="",M68=0),"",REPT(IF(M68>0,"ZU","ZM"),ABS(M68))), IF(D68="FW","XXFW",IF(D68="BIO","XXBI",IF(D68="ABWWP","XXWP",IF(D68="WP","XXWP",IF(D68="GG","XXGG",""))))) ) -> XXFW | AA68: =CHAR(34)&VLOOKUP(Table1[[#This Row],[Name]],'Massnahmenkarten Texte'!A:C,3,FALSE)&CHAR(34) -> "Fernwärme ist einfach und im Allgemeinen umweltverträglich, kann aber teurer sein als andere Lösungen."
A69: Grundwasser-Wärmepumpe | B69: Wärmeerzeugung | C69: 1 | D69: WP | E69: 2 | G69: =Table1[[#This Row],[REAL Sofort CO2]]/kgemission_per_sp -> 0 | H69: =Table1[[#This Row],[REAL Strombedarf]]/real_zu_spiel_strombedarf -> 0 | I69: =Table1[[#This Row],[REAL Stromproduktion]]/real_zu_spiel_stromproduktion -> 0 | J69: =Table1[[#This Row],[REAL Stromspeicher]]/real_zu_spiel_stromspeicher -> 0 | L69: 2 | R69: 0 | T69: 0 | V69: 2 | Z69: =_xlfn.TEXTJOIN( "XX", TRUE, IF(OR(F69="",F69=0),"",REPT(IF(F69>0,"EN","EM"),ABS(F69))), IF(OR(H69="",H69=0),"",REPT(IF(H69>0,"BM","BP"),ABS(H69))), REPT("SP",I69), REPT("FL",J69), REPT("WS",K69), REPT("EF",L69), IF(OR(M69="",M69=0),"",REPT(IF(M69>0,"ZU","ZM"),ABS(M69))), IF(D69="FW","XXFW",IF(D69="BIO","XXBI",IF(D69="ABWWP","XXWP",IF(D69="WP","XXWP",IF(D69="GG","XXGG",""))))) ) -> EFEFXXXXWP | AA69: =CHAR(34)&VLOOKUP(Table1[[#This Row],[Name]],'Massnahmenkarten Texte'!A:C,3,FALSE)&CHAR(34) -> "Eine Grundwasser-Wärmepumpe nutzt die relativ konstante Temperatur des Grundwassers und kann sehr effizient heizen und kühlen. Sie spart viele Emissionen, ist aber teuer, genehmigungspflichtig und nur bei geeigneten Standortbedingungen möglich."
A70: Grünes Gas | B70: Wärmeerzeugung | C70: 1 | D70: GG | E70: 2 | G70: =Table1[[#This Row],[REAL Sofort CO2]]/kgemission_per_sp -> 0 | H70: =Table1[[#This Row],[REAL Strombedarf]]/real_zu_spiel_strombedarf -> 0 | I70: =Table1[[#This Row],[REAL Stromproduktion]]/real_zu_spiel_stromproduktion -> 0 | J70: =Table1[[#This Row],[REAL Stromspeicher]]/real_zu_spiel_stromspeicher -> 0 | R70: 0 | Z70: =_xlfn.TEXTJOIN( "XX", TRUE, IF(OR(F70="",F70=0),"",REPT(IF(F70>0,"EN","EM"),ABS(F70))), IF(OR(H70="",H70=0),"",REPT(IF(H70>0,"BM","BP"),ABS(H70))), REPT("SP",I70), REPT("FL",J70), REPT("WS",K70), REPT("EF",L70), IF(OR(M70="",M70=0),"",REPT(IF(M70>0,"ZU","ZM"),ABS(M70))), IF(D70="FW","XXFW",IF(D70="BIO","XXBI",IF(D70="ABWWP","XXWP",IF(D70="WP","XXWP",IF(D70="GG","XXGG",""))))) ) -> XXGG | AA70: =CHAR(34)&VLOOKUP(Table1[[#This Row],[Name]],'Massnahmenkarten Texte'!A:C,3,FALSE)&CHAR(34) -> "Grünes Gas kann bestehende Gasheizungen weiter nutzbar machen, ohne sofort das ganze Heizsystem umzubauen. Die Klimawirkung hängt aber stark davon ab, ob ausreichend erneuerbares Gas verfügbar und leistbar ist – hier bleibt ein großes Kosten- und Verfügbarkeitsrisiko."
A71: Infrarotpaneele | B71: Wärmeerzeugung | C71: 0 | E71: 999 | G71: =Table1[[#This Row],[REAL Sofort CO2]]/kgemission_per_sp -> 0 | H71: =Table1[[#This Row],[REAL Strombedarf]]/real_zu_spiel_strombedarf -> 0 | I71: =Table1[[#This Row],[REAL Stromproduktion]]/real_zu_spiel_stromproduktion -> 0 | J71: =Table1[[#This Row],[REAL Stromspeicher]]/real_zu_spiel_stromspeicher -> 0 | R71: 0 | Z71: =_xlfn.TEXTJOIN( "XX", TRUE, IF(OR(F71="",F71=0),"",REPT(IF(F71>0,"EN","EM"),ABS(F71))), IF(OR(H71="",H71=0),"",REPT(IF(H71>0,"BM","BP"),ABS(H71))), REPT("SP",I71), REPT("FL",J71), REPT("WS",K71), REPT("EF",L71), IF(OR(M71="",M71=0),"",REPT(IF(M71>0,"ZU","ZM"),ABS(M71))), IF(D71="FW","XXFW",IF(D71="BIO","XXBI",IF(D71="ABWWP","XXWP",IF(D71="WP","XXWP",IF(D71="GG","XXGG",""))))) ) | AA71: =CHAR(34)&VLOOKUP(Table1[[#This Row],[Name]],'Massnahmenkarten Texte'!A:C,3,FALSE)&CHAR(34) -> "Infrarotpaneele können in fast jedem Haus nachgerüstet werden, sind aber weit weniger effizient als Wärmepumpen und benötigen teuren Strom."
A72: Zentrale Luftwärmepumpe | B72: Wärmeerzeugung | C72: 1 | D72: WP | E72: 2 | G72: =Table1[[#This Row],[REAL Sofort CO2]]/kgemission_per_sp -> 0 | H72: =Table1[[#This Row],[REAL Strombedarf]]/real_zu_spiel_strombedarf -> 0 | I72: =Table1[[#This Row],[REAL Stromproduktion]]/real_zu_spiel_stromproduktion -> 0 | J72: =Table1[[#This Row],[REAL Stromspeicher]]/real_zu_spiel_stromspeicher -> 0 | L72: 1 | R72: 0 | T72: 0 | V72: 1 | Z72: =_xlfn.TEXTJOIN( "XX", TRUE, IF(OR(F72="",F72=0),"",REPT(IF(F72>0,"EN","EM"),ABS(F72))), IF(OR(H72="",H72=0),"",REPT(IF(H72>0,"BM","BP"),ABS(H72))), REPT("SP",I72), REPT("FL",J72), REPT("WS",K72), REPT("EF",L72), IF(OR(M72="",M72=0),"",REPT(IF(M72>0,"ZU","ZM"),ABS(M72))), IF(D72="FW","XXFW",IF(D72="BIO","XXBI",IF(D72="ABWWP","XXWP",IF(D72="WP","XXWP",IF(D72="GG","XXGG",""))))) ) -> EFXXXXWP | AA72: =CHAR(34)&VLOOKUP(Table1[[#This Row],[Name]],'Massnahmenkarten Texte'!A:C,3,FALSE)&CHAR(34) -> "Eine zentrale Luftwärmepumpe versorgt das ganze Gebäude und nutzt Außenluft als Wärmequelle. Sie ist teurer als dezentrale Geräte, lässt sich aber besser planen, schalltechnisch kontrollieren und mit Speicher oder Niedertemperatur-Heizsystemen kombinieren."

Sheet Massnahmenkarten Texte
A1: Name | B1: label_en | C1: Beschreibung | D1: description_en | E1: Voraussetzungen Texte | F1: Quelle | G1: Page | H1: Mehr Infos
A2: Niedertemperatur Radiator | B2: Low-temperature radiator | C2: Niedertemperatur-Radiatoren sind eine günstigere Alternative zu Flächenheizungen und lassen sich im Bestand meist einfacher nachrüsten. Sie ermöglichen niedrigere Vorlauftemperaturen und verbessern damit die Effizienz der Wärmepumpe, bieten aber weniger Komfort und Effizienzpotenzial als Fußboden- oder Deckenheizung. | D2: It's high heating power compared to it's size allows it to work with lower temperature differences, which is very efficient. | E2: Bewege oder platziere den Effizienzmarker EF entsprechend.
A3: Radiatoren mit Lüftern | B3: Radiators with fans | C3: Radiatoren mit Lüftern erhöhen die Wärmeabgabe und können auch bei niedrigeren Vorlauftemperaturen gut funktionieren. Sie sind einfach nachzurüsten, können aber durch Geräusche oder Luftbewegung als störend empfunden werden. | D3: It's high heating power compared to it's size allows it to work with lower temperature differences, which is very efficient. | E3: Bewege oder platziere den Effizienzmarker EF entsprechend.
A4: Fussbodenheizung | B4: Underfloor heating | C4: Eine Fußbodenheizung gibt Wärme über große Flächen ab, ist komfortabel und ermöglicht niedrige Vorlauftemperaturen. Dadurch arbeiten Wärmepumpen effizienter; im Bestand sind aber Bodenaufbau, Bauaufwand und die eher träge Regelung zu beachten. | D4: Surface heating reduces the necessary heating temperature, which increases energy efficiency. An increase in comfort can also be expected. | E4: Bewege oder platziere den Effizienzmarker EF entsprechend. | G4: 35
A5: Deckenheizung | B5: Ceiling heating | C5: Eine Deckenheizung gibt Wärme über große Flächen ab und ermöglicht niedrige Vorlauftemperaturen. Dadurch arbeiten Wärmepumpen effizienter, während Planung, Regelung und Nutzerakzeptanz gut gelöst werden müssen. | D5: Surface heating reduces the necessary heating temperature, which increases energy efficiency. An increase in comfort can also be expected. | E5: Bewege oder platziere den Effizienzmarker EF entsprechend. | G5: 36
A6: Wandheizung | B6: Wall heating | C6: Eine Wandheizung gibt Wärme über große Flächen ab, ist komfortabel und ermöglicht niedrige Vorlauftemperaturen. Dadurch arbeiten Wärmepumpen effizienter; im Bestand sind aber Einbauaufwand, freie Wandflächen und spätere Möblierung zu beachten. | D6: Surface heating reduces the necessary heating temperature, which increases energy efficiency. An increase in comfort can also be expected. | E6: Bewege oder platziere den Effizienzmarker EF entsprechend.
A7: TestMassnahme | B7: Aeä Oeö Ueü ää öö üü szss | C7: Eine Beschreibung hier einfügen, kurz halten oder sie wird abgeschnitten | D7: Some description gös here Keep it short or it will be cut off | E7: Voraussetzung ist 5 WS Wärmeschutz und eine vorhandene Wärmepumpe WP. Falls das dein erstes EF Effizienzsymbol ist, platziere den Effizienzmarker auf das erste Feld der Effizienzleiste.
A8: Fossile Dämmstoffe | B8: Insulation of the top floor ceiling (conventional) | C8: Mineralische oder synthetische Dämmstoffe. Hohe Umweltauswirkungen. | D8: Mineral or synthetic insulation material. While thermal performance is good, the environmental impact is rather big, recycling often not possible and disposal expensive. | F8: https://www.klimaaktiv.at/fileadmin/Bibliothek/Publikationen/2025_Sanierung_Heizungsumstellung.pdf | G8: 12
A9: Holzfaserdämmung | B9: Eco Insulation of top floor ceiling: wood fiber | C9: Natürlicher Dämmstoff. Geringe Umweltbelastung und recyclebar. | D9: Natural insulation materials have a significantly lower impact on the environment than synthetic and mineral ones. | F9: https://www.klimaaktiv.at/fileadmin/Bibliothek/Publikationen/2025_Sanierung_Heizungsumstellung.pdf | G9: 12
A10: Schafwolldämmung | B10: Eco Insulation of the top floor ceiling: sheep's wool | C10: Natürlicher Dämmstoff. Geringe Umweltbelastung und recyclebar. | D10: Natural insulation materials have a significantly lower impact on the environment than synthetic and mineral ones. | F10: https://www.klimaaktiv.at/fileadmin/Bibliothek/Publikationen/2025_Sanierung_Heizungsumstellung.pdf | G10: 12
A11: Zellulosedämmung | B11: Eco Insulation of top floor ceiling: cellulose | C11: Natürlicher Dämmstoff. Geringe Umweltbelastung und recyclebar. | D11: Natural insulation materials have a significantly lower impact on the environment than synthetic and mineral ones. | F11: https://www.klimaaktiv.at/fileadmin/Bibliothek/Publikationen/2025_Sanierung_Heizungsumstellung.pdf | G11: 12
A12: Dachgärten | B12: Roof gardens | C12: Bepflanzte Grünflächen, die auf dem Dach eines Gebäudes angelegt wurden, um ökologische Vorteile und einen höheren Wohnkomfort zu bieten. | D12: Planted green space built on a building’s roof for environmental benefits and amenity.
A13: Thermische Solaranlage | B13: Thermal solar system | C13: Eine thermische Solaranlage nutzt Sonnenwärme für Warmwasser oder Heizungsunterstützung und reduziert so den Heizenergiebedarf. Früher war sie häufiger die Standardlösung am Dach, heute wird oft PV bevorzugt. | D13: Efficient, environmentally simple heating system, mostly used for hot water heating when no PV-system is present. | G13: 30
A14: Kleine Dach-PV-Anlage | B14: Minimal PV system | C14: Eine kleine PV-Anlage ist die einfache Standardlösung und deckt vor allem den direkten Eigenverbrauch. Sie spart Emissionen ohne zusätzlichen Speicher, bleibt aber in ihrem Potenzial begrenzt.
A15: Mittlere Dach-PV-Anlage | B15: Medium-sized PV system | C15: Eine mittlere PV-Anlage ist ein guter Kompromiss zwischen Aufwand, Kosten und Klimawirkung. Sie erzeugt mehr Strom als die kleine Variante und wird mit Speicher oder flexiblen Verbrauchern deutlich wirksamer.
A16: Grosse Dach-PV-Anlage | B16: Large PV system | C16: Eine große PV-Anlage nutzt die verfügbare Dachfläche konsequent und kann viel Emissionen einsparen. Damit der zusätzliche Strom gut genutzt wird, braucht sie meist Speicher oder flexible Verbraucher.
A17: PV-Pergola | B17: PV pergola | C17: Eine PV-Pergola ist eine überdachte Terrasse oder Freifläche, bei der die PV-Module zugleich Schatten spenden und Strom erzeugen. Sie ist aufwendig, erhöht aber die Aufenthaltsqualität und Nutzerzufriedenheit deutlich. | D17: PV-system that provides shade and weather protection for gatherings underneath. Slightly more expensive than conventional panels.
A18: PV Dachziegel | B18: PV roof tiles | C18: Lösung für denkmalgeschützte Dächer mit reduzierter Effizienz im Vergleich zu herkömmlichen Paneelen. | D18: Fashionable solution for roofs with slight efficiency reduction compared to conventional panels.
A19: Standardsanierung | B19: Conventional facade insulation | C19: Das Gebäude wird auf den gesetzlichen Mindestandard gebracht. Der Wärmeschutz verbessert sich, die eingesetzten Materialien sind fossil. | D19: Mineral or synthetic insulation material. While thermal performance is good, the environmental impact is rather big, recycling often not possible and disposal expensive. | F19: https://www.klimaaktiv.at/fileadmin/Bibliothek/Publikationen/2025_Sanierung_Heizungsumstellung.pdf | G19: 11
A20: Ambitionierte Sanierung | B20: Conventional facade insulation | C20: Die Gebäudehülle wird über den Mindeststandard hinaus verbessert. Dadurch sinkt der Heizwärmebedarf stärker, jedoch mit etwas höherem Material- und Investitionsaufwand. | D20: Mineral or synthetic insulation material. While thermal performance is good, the environmental impact is rather big, recycling often not possible and disposal expensive. | F20: https://www.klimaaktiv.at/fileadmin/Bibliothek/Publikationen/2025_Sanierung_Heizungsumstellung.pdf | G20: 11
A21: Passivhaussanierung konventionell | B21: Hemp facade insulation | C21: Hochwertigster Wärmeschutz, luftdichte Gebäudehülle. Die verwendeten Baustoffe sind fossil und verursachen entsprechend höhere graue Energie. | D21: Natural insulation materials have a significantly lower impact on the environment than synthetic and mineral ones. | F21: https://www.klimaaktiv.at/fileadmin/Bibliothek/Publikationen/2025_Sanierung_Heizungsumstellung.pdf | G21: 11 | H21: =F21&"#page="&G21 -> https://www.klimaaktiv.at/fileadmin/Bibliothek/Publikationen/2025_Sanierung_Heizungsumstellung.pdf#page=11
A22: Standardsanierung ökologisch | B22: Conventional facade insulation | C22: Hochwertigster Wärmeschutz, luftdichte Gebäudehülle. Die verwendeten ökologischen Baustoffe reduzieren Emissionen. | D22: Mineral or synthetic insulation material. While thermal performance is good, the environmental impact is rather big, recycling often not possible and disposal expensive. | F22: https://www.klimaaktiv.at/fileadmin/Bibliothek/Publikationen/2025_Sanierung_Heizungsumstellung.pdf | G22: 11
A23: Ambitionierte Sanierung ökologisch | B23: Conventional facade insulation | C23: Die Gebäudehülle wird über den Mindeststandard hinaus mit ökologischen Dämmstoffen verbessert. Dadurch sinkt der Heizwärmebedarf stärker. | D23: Mineral or synthetic insulation material. While thermal performance is good, the environmental impact is rather big, recycling often not possible and disposal expensive. | F23: https://www.klimaaktiv.at/fileadmin/Bibliothek/Publikationen/2025_Sanierung_Heizungsumstellung.pdf | G23: 11
A24: Passivhaussanierung ökologisch | B24: Hemp facade insulation | C24: Natürlicher Dämmstoff. Geringe Umweltbelastung und recyclebar. | D24: Natural insulation materials have a significantly lower impact on the environment than synthetic and mineral ones. | F24: https://www.klimaaktiv.at/fileadmin/Bibliothek/Publikationen/2025_Sanierung_Heizungsumstellung.pdf | G24: 11 | H24: =F24&"#page="&G24 -> https://www.klimaaktiv.at/fileadmin/Bibliothek/Publikationen/2025_Sanierung_Heizungsumstellung.pdf#page=11
A25: Türen abdichten | B25: Sealing doors | C25: Schließen Sie die Spalten zwischen Tür und Türrahmen, um Energieverluste durch Luftströme zu vermeiden. | D25: Close gaps between door and doorframe to prevent energy loss through air streams. | F25: https://ig-lebenszyklus.at/wp-content/uploads/2023/11/Massnahmenkatalog_final.pdf | G25: 20
A26: Türen tauschen | B26: Swap doors | C26: Eine besser isolierte Tür reduziert die Transmissionsverluste. | D26: Install a better insulated door to reduce transmission losses. | F26: https://ig-lebenszyklus.at/wp-content/uploads/2023/11/Massnahmenkatalog_final.pdf | G26: 21
A27: Sanierung Glasfassade | B27: Glass facade renovation | C27: zu speziell | D27: zu speziell | F27: https://ig-lebenszyklus.at/wp-content/uploads/2023/11/Massnahmenkatalog_final.pdf
A28: Dämmputze | B28: Insulating plasters | C28: zu speziell | D28: zu speziell
A29: RENVELOPE | F29: https://renvelope.at/lösung/
A30: Wärmedämmung mit Stuckelementen | B30: Thermal insulation with stucco elements | C30: zu speziell | D30: zu speziell | F30: https://ig-lebenszyklus.at/wp-content/uploads/2023/11/Massnahmenkatalog_final.pdf | G30: 9
A31: Tausch der Verglasung | B31: Box window 2: Replacement of the glazing (the inner sash) | C31: Beim Tausch der Verglasung bleiben die bestehenden Fensterrahmen erhalten, nur die Scheiben werden verbessert. Das ist günstiger und verursacht weniger Eingriff als ein kompletter Fenstertausch, bringt aber nur eine begrenzte Verbesserung des Wärmeschutzes. | D31: Typical renovation measure for pre-WWII residential buildings of vienna. Replacing only the glazing of the window is cheaper than replacing the whole window while still delivering good energy savings. | F31: https://ig-lebenszyklus.at/wp-content/uploads/2023/11/Massnahmenkatalog_final.pdf
A32: Fenstertausch: Plastik | B32: Complete replacement of the box window | C32: Kunststofffenster sind die günstige Standardlösung und verbessern den Wärmeschutz etwas. Sie verursachen geringe bis mittlere graue Emissionen, bleiben aber in Komfort und Klimawirkung begrenzt. | D32: Install a better insulated window to reduce transmission losses.
A33: Fenstertausch: Holz-Alu | B33: Complete replacement of the box window | C33: Holz-Alu-Fenster verbessern den Wärmeschutz, sind aber hochwertiger und langlebiger als Plastikfenster. Sie kosten auch mehr. | D33: Install a better insulated window to reduce transmission losses.
A34: Fenstertausch: Passivhaus | B34: Complete replacement of the box window | C34: Passivhausfenster bieten deutlich besseren Wärmeschutz und erhöhen den Wohnkomfort, besonders durch weniger Zugluft und wärmere Glasoberflächen. Sie sind teurer und verursachen durch die aufwendigere Konstruktion zusätzliche graue Emissionen. | D34: Install a better insulated window to reduce transmission losses.
A35: Fenstertausch: Passivhaus ökologisch | B35: Complete replacement of the box window | C35: Ökologische Passivhausfenster verbinden sehr guten Wärmeschutz mit möglichst klimafreundlichen Materialien. Sie sind die teuerste Variante, reduzieren aber die grauen Emissionen gegenüber konventionellen Passivhausfenstern deutlich. | D35: Install a better insulated window to reduce transmission losses.
A36: Bi-Direktionelles Laden | B36: Bidirectional charging | C36: Ermöglicht die Lastverschiebung über den elektrischen Speicher der E-Auto-Batterie, der Abends wieder teilweise entladen wird. Die Unterstützung der Nutzer ist allerdings nötig. | D36: Enables load shifting through the e-cars battery electric storage.
A37: Flexibles Lastmanagement | C37: Wenn die Nutzer mitspielen, können Verbraucher wie Waschmaschinen oder Geschirrspüler dann einschalten, wenn Erneuerbare zur Verfügung stehen.
A38: Effiziente Haushaltsgeräte | C38: Effizienteste Haushaltsgeräte können den dStromverbrauch deutlich reduzieren
A39: Thermische Flexibilität | C39: Wenn die Nutzer es zulassen, können Wärmepumpen zusätzlichen Strom im Gebäude als Wärme (oder im Sommer durch zusätzliche Kühlung) speichern. So lassen sich noch mehr Erneuerbare einsetzen. | E39: Benötigt Wärmepumpe WP
A40: Kleiner Heimspeicher | B40: Small home storage system | C40: Batteriespeicher werden immer günstiger. Sie können den eigenen PV-Strom in den Abend retten und vermeiden so dreckigeren Netzbezug.
A41: Grosser Batteriespeicher | B41: Battery electric storage 1 | C41: Batteriespeicher werden immer günstiger. Sie können den eigenen PV-Strom in den Abend retten und vermeiden so dreckigeren Netzbezug.
A42: Balkonkraftwerk | B42: Balcony Power Plant | C42: Ein Balkonkraftwerk hat nur maximal 800 Watt (etwa zwei Paneele), bietet aber den Vorteil einer einfacheren Installation und Bedienung. | D42: Has to be below 800W but benefits from easier installation and operation.
A43: Fassadenintegrierte PV | B43: Balcony Power Plant | C43: Fassaden-PV nutzt zusätzlich zur Dachfläche auch die Gebäudehülle zur Stromerzeugung. Sie ist teurer und stärker von Orientierung, Verschattung und Gestaltung abhängig, kann aber zusätzliche Emissionen einsparen, wenn das Dachpotenzial begrenzt ist. | D43: Recommended if the roof PV-system can't be expanded anymore or is not possible at all. Less efficient than horizontal PV.
A44: LED Beleuchtung | B44: Balcony Power Plant | C44: LED-Beleuchtung ersetzt alte Leuchtmittel und senkt den Strombedarf für Beleuchtung deutlich. Sie ist günstig, einfach umzusetzen und verbessert je nach Bestand auch Lichtqualität und Nutzerzufriedenheit. | D44: Use less energy for same light output. | G44: 33
A45: E-Herd | B45: Balcony Power Plant | C45: Ein E-Herd ersetzt das Kochen mit Gas und reduziert damit die direkte Nutzung fossiler Energie in der Wohnung. Er erhöht den Strombedarf etwas, ist aber einfach umsetzbar und verbessert die Alltagstauglichkeit eines vollständig elektrifizierten Gebäudes. | D45: Healthier and more efficient than gas stoves.
A46: Wärmerückgewinnung des Duschwassers | B46: Heat recovery from shower water | C46: Die Wärme des abfließenden Duschwassers wird genutzt, um frisches Wasser vorzuwärmen. Dadurch müssen Wärmepumpen weniger leisten und arbeitet effizienter, der Einbau ist aber technisch nur bei passenden Leitungswegen sinnvoll. | D46: Co-heating system to slightly boost overall efficiency. | E46: Benötigt Wärmepumpe WP
A47: Fossile Dämmstoffe | B47: Insulation of the lowest floor ceiling (conventional) | C47: Mineralische oder synthetische Dämmstoffe. Hohe Umweltauswirkungen. | D47: Mineral or synthetic insulation material. While thermal performance is good, the environmental impact is rather big, recycling often not possible and disposal expensive. | F47: https://www.klimaaktiv.at/fileadmin/Bibliothek/Publikationen/2025_Sanierung_Heizungsumstellung.pdf | G47: 13
A48: Holzfaserdämmung | B48: Insulation of the lowest floor ceiling: wood fiber | C48: Natürlicher Dämmstoff. Geringe Umweltbelastung und recyclebar. | D48: Natural insulation materials have a significantly lower impact on the environment than synthetic and mineral ones. | F48: https://www.klimaaktiv.at/fileadmin/Bibliothek/Publikationen/2025_Sanierung_Heizungsumstellung.pdf | G48: 13
A49: Schafwolldämmung | B49: Insulation of the lowest floor ceiling: sheep's wool | C49: Natürlicher Dämmstoff. Geringe Umweltbelastung und recyclebar. | D49: Natural insulation materials have a significantly lower impact on the environment than synthetic and mineral ones. | F49: https://www.klimaaktiv.at/fileadmin/Bibliothek/Publikationen/2025_Sanierung_Heizungsumstellung.pdf | G49: 13
A50: Zellulosedämmung | B50: Insulation of the lowest floor ceiling: cellulose | C50: Natürlicher Dämmstoff. Geringe Umweltbelastung und recyclebar. | D50: Natural insulation materials have a significantly lower impact on the environment than synthetic and mineral ones. | F50: https://www.klimaaktiv.at/fileadmin/Bibliothek/Publikationen/2025_Sanierung_Heizungsumstellung.pdf | G50: 13
A51: Mechanische Abluftanlagen | B51: Mechanical exhaust air systems | C51: Eine mechanische Abluftanlage führt verbrauchte und feuchte Luft aus Bad, WC oder Küche ab und verbessert damit Hygiene und Wohnkomfort. Da keine Wärmerückgewinnung erfolgt, reduziert sie die Lüftungswärmeverluste nicht und bringt kaum energetischen Vorteil. | D51: Mechanical removal of exhaust air from kitchen, bathroom and toilet should reduce required window ventilation and resulting heat losses | F51: https://ig-lebenszyklus.at/wp-content/uploads/2023/11/Massnahmenkatalog_final.pdf | G51: 30
A52: Dezentrale Lüftungsgeräte | B52: Decentralized comfort ventilation | C52: Dezentrale Lüftungsgeräte werden raumweise eingebaut und brauchen weniger Eingriffe in die bestehende Bausubstanz. Sie sind meist günstiger und einfacher nachzurüsten, bringen aber weniger Komfort und Energieeinsparung als eine gute zentrale Lösung. | D52: Ventilation solution for just one room or residential unit | F52: https://ig-lebenszyklus.at/wp-content/uploads/2023/11/Massnahmenkatalog_final.pdf | G52: 27
A53: Zentrale Lüftungsanlage | B53: Central mechanical ventilation system with heat recovery | C53: Eine zentrale Lüftungsanlage sorgt für geregelten, hygienischen Luftwechsel im Gebäude. In der einfachen Ausführung ist sie günstiger, reduziert aber die Lüftungswärmeverluste weniger stark als eine Komfortlüftung mit effizienter Wärmerückgewinnung. | D53: Central mechanical ventilation can increase comfort and energy efficiency compared to window ventilation, but comes at a cost and added complexity. | F53: https://ig-lebenszyklus.at/wp-content/uploads/2023/11/Massnahmenkatalog_final.pdf | G53: 24
A54: Lüftungsanlage mit Wärmerückgewinnung | B54: Central mechanical ventilation system with heat recovery | C54: Eine Komfortlüftung sorgt für hygienischen Luftwechsel und gewinnt einen großen Teil der Wärme aus der Abluft zurück. Sie verbessert Komfort und Wärmeschutz spürbar, ist aber teuer und erhöht den Strombedarf. | D54: Central mechanical ventilation can increase comfort and energy efficiency compared to window ventilation, but comes at a cost and added complexity. | F54: https://ig-lebenszyklus.at/wp-content/uploads/2023/11/Massnahmenkatalog_final.pdf | G54: 24
A55: Lüftungs-Brüstungsgeräte | B55: Parapet devices for ventilation (floor/ceiling/parapet) | C55: Lüftungslösungen, die im Boden, an der Decke oder in der Brüstung (zwischen Boden und Fenster, wie ein Heizkörper) installiert werden können. | D55: Ventilation solutions that can be installed in the floor, the ceiling or in the parapet (inbetween the floor and a window, like a radiator) | F55: https://ig-lebenszyklus.at/wp-content/uploads/2023/11/Massnahmenkatalog_final.pdf | G55: 26
A56: Fensterfalzlüftung | B56: Window rebate ventilation | C56: Durch das Anbringen von Lüftungsöffnungen an den Fenstern wird eine ausreichende Luftzirkulation gewährleistet, damit sich kein Schimmel bilden kann. | D56: Adding ventilation openings to the windows to guarantee enough airflow so mold can not grow. | F56: https://ig-lebenszyklus.at/wp-content/uploads/2023/11/Massnahmenkatalog_final.pdf | G56: 29
A57: Dezentrale Luftwärmepumpe | B57: Decentralized air source heat pump | C57: Eine dezentrale Luftwärmepumpe ist vergleichsweise günstig und kann einzelne Wohnungen oder Bereiche direkt versorgen. Sie nutzt Außenluft als Wärmequelle, ist aber weniger effizient und kann durch Außengeräte, Lärm oder Platzbedarf im städtischen Umfeld problematisch sein. | D57: Efficient heating solution, especially in combination with a PV-System. Can also be used for cooling. | F57: https://www.klimaaktiv.at/fileadmin/Bibliothek/Publikationen/2025_Sanierung_Heizungsumstellung.pdf | G57: 29
A58: Fernwärme-Anschluss | B58: District heating connection | C58: Fernwärme ist einfach und im Allgemeinen umweltverträglich, kann aber teurer sein als andere Lösungen. | D58: District heating is easy and generally good for the environment, but can be more expensive than other solutions. | F58: https://www.klimaaktiv.at/fileadmin/Bibliothek/Publikationen/2025_Sanierung_Heizungsumstellung.pdf | G58: 24
... A62: Grundwasser-Wärmepumpe | B62: Groundwater heat pump | C62: Eine Grundwasser-Wärmepumpe nutzt die relativ konstante Temperatur des Grundwassers und kann sehr effizient heizen und kühlen. Sie spart viele Emissionen, ist aber teuer, genehmigungspflichtig und nur bei geeigneten Standortbedingungen möglich. | D62: Very efficient heating solution, especially in combination with a PV-System. Can also be used for cooling. | F62: https://www.klimaaktiv.at/fileadmin/Bibliothek/Publikationen/2025_Sanierung_Heizungsumstellung.pdf | G62: 27
A63: Zentrale Luftwärmepumpe | B63: Central air source heat pump | C63: Eine zentrale Luftwärmepumpe versorgt das ganze Gebäude und nutzt Außenluft als Wärmequelle. Sie ist teurer als dezentrale Geräte, lässt sich aber besser planen, schalltechnisch kontrollieren und mit Speicher oder Niedertemperatur-Heizsystemen kombinieren. | D63: Relatively efficient heating solution, especially in combination with a PV-System. Can also be used for cooling. | E63: Platziere den Marker für das Heizsystem auf das Feld WP Wärmepumpe. Bewege oder platziere den Effizienzmarker EF entsprechend. | F63: https://www.klimaaktiv.at/fileadmin/Bibliothek/Publikationen/2025_Sanierung_Heizungsumstellung.pdf | G63: 28
A64: Grünes Gas | B64: just use green gas! | C64: Grünes Gas kann bestehende Gasheizungen weiter nutzbar machen, ohne sofort das ganze Heizsystem umzubauen. Die Klimawirkung hängt aber stark davon ab, ob ausreichend erneuerbares Gas verfügbar und leistbar ist – hier bleibt ein großes Kosten- und Verfügbarkeitsrisiko. | F64: https://www.klimaaktiv.at/fileadmin/Bibliothek/Publikationen/2025_Sanierung_Heizungsumstellung.pdf | G64: 32
A65: Infrarotpaneele | B65: Electric heating plates | C65: Infrarotpaneele können in fast jedem Haus nachgerüstet werden, sind aber weit weniger effizient als Wärmepumpen und benötigen teuren Strom. | D65: Infrared panels can be retrofitted in almost every home but are far less efficient than heat pumps and run on expensive electricity. | G65: 37
A66: Fassadenbegrünung | B66: Green facades | C66: Begrünte Fassaden verbessern das Mikroklima, spenden Schatten und machen das Gebäude attraktiver. Sie erhöhen die Nutzerzufriedenheit leicht und helfen, Emissionen durch geringeren Kühlbedarf etwas zu senken.
A67: Balkon-Einbau | C67: Ein Balkon erhöht die Wohnqualität und schafft privaten Freiraum im Bestand. Er bringt Zufriedenheit, verursacht aber zusätzliche Kosten und etwas graue Emissionen durch die neue Konstruktion.
A68: Lift-Einbau | B68: Elevator installation | C68: Ein Lift macht das Gebäude komfortabler und auch im Alter oder bei eingeschränkter Mobilität gut nutzbar. Er bringt viel Nutzerzufriedenheit, ist aber teuer und erfordert größere bauliche Eingriffe.
A69: Barrierefreier Zugang | B69: Elevator installation | C69: Ein barrierefreier Zugang macht das Gebäude für alle einfacher und sicherer nutzbar, besonders mit Kinderwagen, Rollstuhl oder Gehhilfe. Er erhöht die Nutzerzufriedenheit spürbar, verursacht aber je nach Bestand baulichen Aufwand und Kosten.
A70: Intensive Dachbegrünung | B70: Intensive roof greening | C70: Substrat für grosse Pflanzen und Bäume. Bietet etwas Kohlenstoffspeicherung und Wärmeschutz, dafür aufwendiger in der Pflege. | D70: Substrate for medium to tall plants and trees.
A71: E-Car Lade-Infrastruktur | B71: E-car charging infrastructure | C71: Ladepunkte machen das Gebäude attraktiver für Nutzer:innen mit E-Autos. Sie steigern den Strombedarf, können aber auch als flexible Speichermöglichkeit genutzt werden (in Kombination mit "Bi-Direktionalem Laden"). | D71: Enables the use of electric vehicles for transport and reverse charging.
A72: Außenliegender Sonnenschutz | B72: Shading | C72: Reduziert die Sonneneinstrahlung und damit die nötige Kühlenergie im Sommer.

Sheet Mapping RealwerteSpielwerte
A1: Wert | B1: Real | C1: Spiel | D1: Skalierung real > spiel | E1: Einheit
A2: Spielrunde | B2: 5 | C2: 1 | D2: =Table3[[#This Row],[Real]]/Table3[[#This Row],[Spiel]] -> 5 | E2: Jahre
A3: Rechnerische Gebäudefläche | B3: 1000 | C3: 1 | D3: =Table3[[#This Row],[Real]]/Table3[[#This Row],[Spiel]] -> 1000 | E3: m²
A4: Siegpunkte/Emissionen | B4: 1 | C4: 1 | D4: =Table3[[#This Row],[Real]]/Table3[[#This Row],[Spiel]] -> 1 | E4: kgCO2/m²BGF
A5: Kosten | B5: 10000 | C5: 1 | D5: =Table3[[#This Row],[Real]]/Table3[[#This Row],[Spiel]] -> 10000 | E5: €
A6: BauEmissionen | B6: 1 | C6: 1 | D6: =Table3[[#This Row],[Real]]/Table3[[#This Row],[Spiel]] -> 1 | E6: kg/CO2/m²BGF
A7: Strombedarf | B7: 5 | C7: 1 | D7: =Table3[[#This Row],[Real]]/Table3[[#This Row],[Spiel]] -> 5 | E7: kWh/m²NGF
A8: Stromproduktion | B8: 5 | C8: 1 | D8: =Table3[[#This Row],[Real]]/Table3[[#This Row],[Spiel]] -> 5 | E8: kWh/m²NGF
A9: Stromspeicher | B9: 5 | C9: 1 | D9: =Table3[[#This Row],[Real]]/Table3[[#This Row],[Spiel]] -> 5 | E9: kWh/m²NGF
A10: Netzbezug | B10: 5 | C10: 1 | D10: =Table3[[#This Row],[Real]]/Table3[[#This Row],[Spiel]] -> 5 | E10: kWh/m²NGF
A11: Wärmeschutz (HWB) | B11: 20 | C11: 1 | D11: =Table3[[#This Row],[Real]]/Table3[[#This Row],[Spiel]] -> 20 | E11: kWh/m²NGF
A12: Wärmepumpen-Effizienz | B12: 1 | C12: 1 | D12: =Table3[[#This Row],[Real]]/Table3[[#This Row],[Spiel]] -> 1
A13: Co2 Intensität Netzbezug Runde 1 | B13: 0.1 | C13: 1 | D13: =Table3[[#This Row],[Real]]/Table3[[#This Row],[Spiel]] -> 0.1 | E13: kgCO2/kWh
A14: Co2 Intensität Netzbezug Runde 2 | B14: 0.05 | C14: 1 | D14: =Table3[[#This Row],[Real]]/Table3[[#This Row],[Spiel]] -> 0.05 | E14: kgCO2/kWh
A15: Co2 Intensität Netzbezug Runde 3 | B15: 0.03 | C15: 1 | D15: =Table3[[#This Row],[Real]]/Table3[[#This Row],[Spiel]] -> 0.03 | E15: kgCO2/kWh
A16: Co2 Intensität Netzbezug Runde 4 | B16: 0.015 | C16: 1 | D16: =Table3[[#This Row],[Real]]/Table3[[#This Row],[Spiel]] -> 0.015 | E16: kgCO2/kWh
A17: Co2 Intensität Netzbezug Runde 5 | B17: 0 | C17: 1 | D17: =Table3[[#This Row],[Real]]/Table3[[#This Row],[Spiel]] -> 0 | E17: kgCO2/kWh
A18: Co2 Intensität Netzbezug Runde 1
A19: Co2 Intensität Netzbezug Runde 2
A20: Co2 Intensität Netzbezug Runde 3
A21: Co2 Intensität Netzbezug Runde 4
A22: Co2 Intensität Netzbezug Runde 5
A23: Kosten Gas | B23: 0.1 | C23: 0.2 | D23: =Table3[[#This Row],[Real]]/Table3[[#This Row],[Spiel]] -> 0.5 | E23: €/kWh
A24: Kosten Biomasse | B24: 0.08 | C24: 0.2 | D24: =Table3[[#This Row],[Real]]/Table3[[#This Row],[Spiel]] -> 0.4 | E24: €/kWh
A25: Kosten Fernwärme | B25: 0.2 | C25: 0.2 | D25: =Table3[[#This Row],[Real]]/Table3[[#This Row],[Spiel]] -> 1 | E25: €/kWh
A26: Kosten Grüngas | B26: 0.5 | C26: 0.2 | D26: =Table3[[#This Row],[Real]]/Table3[[#This Row],[Spiel]] -> 2.5 | E26: €/kWh
A27: Kosten Strom | B27: 0.15 | C27: 0.2 | D27: =Table3[[#This Row],[Real]]/Table3[[#This Row],[Spiel]] -> 0.75 | E27: €/kWh
A28: Kosten Baseline | C28: 2
A29: WP Wirkungsgrad 0 | B29: 1 | C29: 1 | D29: =Table3[[#This Row],[Real]]/Table3[[#This Row],[Spiel]] -> 1
A30: WP Wirkungsgrad 1 | B30: 2 | C30: 1 | D30: =Table3[[#This Row],[Real]]/Table3[[#This Row],[Spiel]] -> 2
A31: WP Wirkungsgrad 2 | B31: 2.5 | C31: 1 | D31: =Table3[[#This Row],[Real]]/Table3[[#This Row],[Spiel]] -> 2.5
A32: WP Wirkungsgrad 3 | B32: 3.333 | C32: 1 | D32: =Table3[[#This Row],[Real]]/Table3[[#This Row],[Spiel]] -> 3.333
A33: WP Wirkungsgrad 4 | B33: 4.54545 | C33: 1 | D33: =Table3[[#This Row],[Real]]/Table3[[#This Row],[Spiel]] -> 4.54545
A34: WP Wirkungsgrad 5 | B34: 6.66 | C34: 1 | D34: =Table3[[#This Row],[Real]]/Table3[[#This Row],[Spiel]] -> 6.66

Sheet Board BaseValues
A1: Wert | B1: Start (0-basiert) | C1: Typ | D1: Values0 | E1: Values1 | F1: Values2 | G1: Values3 | H1: Values4 | I1: Values5 | J1: Values6 | K1: Values7 | L1: Values8 | M1: Values9
A2: Bauliche Emissionen | B2: 9 | C2: Siegpunkte | D2: -45 | E2: -40 | F2: -35 | G2: -30 | H2: -25 | I2: -20 | J2: -15 | K2: -10 | L2: -5 | M2: 0
A3: Strombedarf | B3: 4 | C3: Netzbezug | D3: 4 | E3: 5 | F3: 6 | G3: 7 | H3: 8 | I3: 9 | J3: 10 | K3: 11 | L3: 12 | M3: 13
A4: Stromproduktion | B4: 0 | C4: Netzbezug | D4: 0 | E4: 0 | F4: -1 | G4: -1 | H4: -2 | I4: -2 | J4: -3 | K4: -3 | L4: -4 | M4: -4
A5: Stromspeicher | B5: 0 | C5: Netzbezug | D5: 0 | E5: -1 | F5: -2 | G5: -3 | H5: -4 | I5: -5 | J5: -6 | K5: -7 | L5: -8 | M5: -9
A6: Zufriedenheit | B6: 3 | C6: Budget | D6: 2 | E6: 3 | F6: 3 | G6: 4 | H6: 4 | I6: 5 | J6: 5 | K6: 6 | L6: 6 | M6: 7

Sheet Board Heiztabelle SP
A1: WS | B1: HWB | C1: Gas Real | D1: Biomasse Real | E1: Fernwärme Real | F1: Grünes Gas Real | G1: Wärmepumpe Real | H1: Gas | I1: Biomasse | J1: Fernwärme | K1: Grünes Gas | L1: Wärmepumpe
A2: 0 | B2: 200 | C2: 40 | D2: 10 | E2: 10 | F2: 0 | G2: 0 | H2: =Table6[[#This Row],[Gas Real]]*years_per_round -> 200 | I2: =Table6[[#This Row],[Biomasse Real]]*years_per_round -> 50 | J2: =Table6[[#This Row],[Fernwärme Real]]*years_per_round -> 50 | K2: =Table6[[#This Row],[Grünes Gas Real]]*years_per_round -> 0 | L2: =Table6[[#This Row],[Wärmepumpe Real]]*years_per_round -> 0
A3: 1 | B3: 180 | C3: 36 | D3: 9 | E3: 9 | F3: 0 | G3: 0 | H3: =Table6[[#This Row],[Gas Real]]*years_per_round -> 180 | I3: =Table6[[#This Row],[Biomasse Real]]*years_per_round -> 45 | J3: =Table6[[#This Row],[Fernwärme Real]]*years_per_round -> 45 | K3: =Table6[[#This Row],[Grünes Gas Real]]*years_per_round -> 0 | L3: =Table6[[#This Row],[Wärmepumpe Real]]*years_per_round -> 0
A4: 2 | B4: 160 | C4: 32 | D4: 8 | E4: 8 | F4: 0 | G4: 0 | H4: =Table6[[#This Row],[Gas Real]]*years_per_round -> 160 | I4: =Table6[[#This Row],[Biomasse Real]]*years_per_round -> 40 | J4: =Table6[[#This Row],[Fernwärme Real]]*years_per_round -> 40 | K4: =Table6[[#This Row],[Grünes Gas Real]]*years_per_round -> 0 | L4: =Table6[[#This Row],[Wärmepumpe Real]]*years_per_round -> 0
A5: 3 | B5: 140 | C5: 28 | D5: 7 | E5: 7 | F5: 0 | G5: 0 | H5: =Table6[[#This Row],[Gas Real]]*years_per_round -> 140 | I5: =Table6[[#This Row],[Biomasse Real]]*years_per_round -> 35 | J5: =Table6[[#This Row],[Fernwärme Real]]*years_per_round -> 35 | K5: =Table6[[#This Row],[Grünes Gas Real]]*years_per_round -> 0 | L5: =Table6[[#This Row],[Wärmepumpe Real]]*years_per_round -> 0
A6: 4 | B6: 120 | C6: 24 | D6: 6 | E6: 6 | F6: 0 | G6: 0 | H6: =Table6[[#This Row],[Gas Real]]*years_per_round -> 120 | I6: =Table6[[#This Row],[Biomasse Real]]*years_per_round -> 30 | J6: =Table6[[#This Row],[Fernwärme Real]]*years_per_round -> 30 | K6: =Table6[[#This Row],[Grünes Gas Real]]*years_per_round -> 0 | L6: =Table6[[#This Row],[Wärmepumpe Real]]*years_per_round -> 0
A7: 5 | B7: 100 | C7: 20 | D7: 5 | E7: 5 | F7: 0 | G7: 0 | H7: =Table6[[#This Row],[Gas Real]]*years_per_round -> 100 | I7: =Table6[[#This Row],[Biomasse Real]]*years_per_round -> 25 | J7: =Table6[[#This Row],[Fernwärme Real]]*years_per_round -> 25 | K7: =Table6[[#This Row],[Grünes Gas Real]]*years_per_round -> 0 | L7: =Table6[[#This Row],[Wärmepumpe Real]]*years_per_round -> 0
A8: 6 | B8: 80 | C8: 16 | D8: 4 | E8: 4 | F8: 0 | G8: 0 | H8: =Table6[[#This Row],[Gas Real]]*years_per_round -> 80 | I8: =Table6[[#This Row],[Biomasse Real]]*years_per_round -> 20 | J8: =Table6[[#This Row],[Fernwärme Real]]*years_per_round -> 20 | K8: =Table6[[#This Row],[Grünes Gas Real]]*years_per_round -> 0 | L8: =Table6[[#This Row],[Wärmepumpe Real]]*years_per_round -> 0
A9: 7 | B9: 60 | C9: 12 | D9: 3 | E9: 3 | F9: 0 | G9: 0 | H9: =Table6[[#This Row],[Gas Real]]*years_per_round -> 60 | I9: =Table6[[#This Row],[Biomasse Real]]*years_per_round -> 15 | J9: =Table6[[#This Row],[Fernwärme Real]]*years_per_round -> 15 | K9: =Table6[[#This Row],[Grünes Gas Real]]*years_per_round -> 0 | L9: =Table6[[#This Row],[Wärmepumpe Real]]*years_per_round -> 0
A10: 8 | B10: 40 | C10: 8 | D10: 2 | E10: 2 | F10: 0 | G10: 0 | H10: =Table6[[#This Row],[Gas Real]]*years_per_round -> 40 | I10: =Table6[[#This Row],[Biomasse Real]]*years_per_round -> 10 | J10: =Table6[[#This Row],[Fernwärme Real]]*years_per_round -> 10 | K10: =Table6[[#This Row],[Grünes Gas Real]]*years_per_round -> 0 | L10: =Table6[[#This Row],[Wärmepumpe Real]]*years_per_round -> 0
A11: 9 | B11: 20 | C11: 4 | D11: 1 | E11: 1 | F11: 0 | G11: 0 | H11: =Table6[[#This Row],[Gas Real]]*years_per_round -> 20 | I11: =Table6[[#This Row],[Biomasse Real]]*years_per_round -> 5 | J11: =Table6[[#This Row],[Fernwärme Real]]*years_per_round -> 5 | K11: =Table6[[#This Row],[Grünes Gas Real]]*years_per_round -> 0 | L11: =Table6[[#This Row],[Wärmepumpe Real]]*years_per_round -> 0

Sheet Board Heiztabelle Budget
A1: WS | B1: HWB | C1: Gas Real | D1: Biomasse Real | E1: Fernwärme Real | F1: Grünes Gas Real | G1: Wärmepumpe Real | H1: Gas | I1: Biomasse | J1: Fernwärme | K1: Grünes Gas | L1: Wärmepumpe
A2: 0 | B2: 200 | C2: =Table6_2[[#This Row],[HWB]]*'Mapping RealwerteSpielwerte'!$B$23 -> 20 | D2: =Table6_2[[#This Row],[HWB]]*'Mapping RealwerteSpielwerte'!$B$24 -> 16 | E2: =Table6_2[[#This Row],[HWB]]*'Mapping RealwerteSpielwerte'!$B$25 -> 40 | F2: =Table6_2[[#This Row],[HWB]]*'Mapping RealwerteSpielwerte'!$B$26 -> 100 | G2: =0 -> 0 | H2: =-Table6_2[[#This Row],[Gas Real]]*'Mapping RealwerteSpielwerte'!$C$23+heizkosten_baseline -> -2 | I2: =-Table6_2[[#This Row],[Biomasse Real]]*'Mapping RealwerteSpielwerte'!$C$24+heizkosten_baseline -> -1.2 | J2: =-Table6_2[[#This Row],[Fernwärme Real]]*'Mapping RealwerteSpielwerte'!$C$25+heizkosten_baseline -> -6 | K2: =-Table6_2[[#This Row],[Grünes Gas Real]]*'Mapping RealwerteSpielwerte'!$C$26+heizkosten_baseline -> -18 | L2: =-Table6_2[[#This Row],[Wärmepumpe Real]]*'Mapping RealwerteSpielwerte'!$C$27+heizkosten_baseline -> 2
A3: 1 | B3: 180 | C3: =Table6_2[[#This Row],[HWB]]*'Mapping RealwerteSpielwerte'!$B$23 -> 18 | D3: =Table6_2[[#This Row],[HWB]]*'Mapping RealwerteSpielwerte'!$B$24 -> 14.4 | E3: =Table6_2[[#This Row],[HWB]]*'Mapping RealwerteSpielwerte'!$B$25 -> 36 | F3: =Table6_2[[#This Row],[HWB]]*'Mapping RealwerteSpielwerte'!$B$26 -> 90 | G3: =0 -> 0 | H3: =-Table6_2[[#This Row],[Gas Real]]*'Mapping RealwerteSpielwerte'!$C$23+heizkosten_baseline -> -1.6 | I3: =-Table6_2[[#This Row],[Biomasse Real]]*'Mapping RealwerteSpielwerte'!$C$24+heizkosten_baseline -> -0.88 | J3: =-Table6_2[[#This Row],[Fernwärme Real]]*'Mapping RealwerteSpielwerte'!$C$25+heizkosten_baseline -> -5.2 | K3: =-Table6_2[[#This Row],[Grünes Gas Real]]*'Mapping RealwerteSpielwerte'!$C$26+heizkosten_baseline -> -16 | L3: =-Table6_2[[#This Row],[Wärmepumpe Real]]*'Mapping RealwerteSpielwerte'!$C$27+heizkosten_baseline -> 2
A4: 2 | B4: 160 | C4: =Table6_2[[#This Row],[HWB]]*'Mapping RealwerteSpielwerte'!$B$23 -> 16 | D4: =Table6_2[[#This Row],[HWB]]*'Mapping RealwerteSpielwerte'!$B$24 -> 12.8 | E4: =Table6_2[[#This Row],[HWB]]*'Mapping RealwerteSpielwerte'!$B$25 -> 32 | F4: =Table6_2[[#This Row],[HWB]]*'Mapping RealwerteSpielwerte'!$B$26 -> 80 | G4: =0 -> 0 | H4: =-Table6_2[[#This Row],[Gas Real]]*'Mapping RealwerteSpielwerte'!$C$23+heizkosten_baseline -> -1.2 | I4: =-Table6_2[[#This Row],[Biomasse Real]]*'Mapping RealwerteSpielwerte'!$C$24+heizkosten_baseline -> -0.56 | J4: =-Table6_2[[#This Row],[Fernwärme Real]]*'Mapping RealwerteSpielwerte'!$C$25+heizkosten_baseline -> -4.4 | K4: =-Table6_2[[#This Row],[Grünes Gas Real]]*'Mapping RealwerteSpielwerte'!$C$26+heizkosten_baseline -> -14 | L4: =-Table6_2[[#This Row],[Wärmepumpe Real]]*'Mapping RealwerteSpielwerte'!$C$27+heizkosten_baseline -> 2
A5: 3 | B5: 140 | C5: =Table6_2[[#This Row],[HWB]]*'Mapping RealwerteSpielwerte'!$B$23 -> 14 | D5: =Table6_2[[#This Row],[HWB]]*'Mapping RealwerteSpielwerte'!$B$24 -> 11.2 | E5: =Table6_2[[#This Row],[HWB]]*'Mapping RealwerteSpielwerte'!$B$25 -> 28 | F5: =Table6_2[[#This Row],[HWB]]*'Mapping RealwerteSpielwerte'!$B$26 -> 70 | G5: =0 -> 0 | H5: =-Table6_2[[#This Row],[Gas Real]]*'Mapping RealwerteSpielwerte'!$C$23+heizkosten_baseline -> -0.8 | I5: =-Table6_2[[#This Row],[Biomasse Real]]*'Mapping RealwerteSpielwerte'!$C$24+heizkosten_baseline -> -0.24 | J5: =-Table6_2[[#This Row],[Fernwärme Real]]*'Mapping RealwerteSpielwerte'!$C$25+heizkosten_baseline -> -3.6 | K5: =-Table6_2[[#This Row],[Grünes Gas Real]]*'Mapping RealwerteSpielwerte'!$C$26+heizkosten_baseline -> -12 | L5: =-Table6_2[[#This Row],[Wärmepumpe Real]]*'Mapping RealwerteSpielwerte'!$C$27+heizkosten_baseline -> 2
A6: 4 | B6: 120 | C6: =Table6_2[[#This Row],[HWB]]*'Mapping RealwerteSpielwerte'!$B$23 -> 12 | D6: =Table6_2[[#This Row],[HWB]]*'Mapping RealwerteSpielwerte'!$B$24 -> 9.6 | E6: =Table6_2[[#This Row],[HWB]]*'Mapping RealwerteSpielwerte'!$B$25 -> 24 | F6: =Table6_2[[#This Row],[HWB]]*'Mapping RealwerteSpielwerte'!$B$26 -> 60 | G6: =0 -> 0 | H6: =-Table6_2[[#This Row],[Gas Real]]*'Mapping RealwerteSpielwerte'!$C$23+heizkosten_baseline -> -0.4 | I6: =-Table6_2[[#This Row],[Biomasse Real]]*'Mapping RealwerteSpielwerte'!$C$24+heizkosten_baseline -> 0.08 | J6: =-Table6_2[[#This Row],[Fernwärme Real]]*'Mapping RealwerteSpielwerte'!$C$25+heizkosten_baseline -> -2.8 | K6: =-Table6_2[[#This Row],[Grünes Gas Real]]*'Mapping RealwerteSpielwerte'!$C$26+heizkosten_baseline -> -10 | L6: =-Table6_2[[#This Row],[Wärmepumpe Real]]*'Mapping RealwerteSpielwerte'!$C$27+heizkosten_baseline -> 2
A7: 5 | B7: 100 | C7: =Table6_2[[#This Row],[HWB]]*'Mapping RealwerteSpielwerte'!$B$23 -> 10 | D7: =Table6_2[[#This Row],[HWB]]*'Mapping RealwerteSpielwerte'!$B$24 -> 8 | E7: =Table6_2[[#This Row],[HWB]]*'Mapping RealwerteSpielwerte'!$B$25 -> 20 | F7: =Table6_2[[#This Row],[HWB]]*'Mapping RealwerteSpielwerte'!$B$26 -> 50 | G7: =0 -> 0 | H7: =-Table6_2[[#This Row],[Gas Real]]*'Mapping RealwerteSpielwerte'!$C$23+heizkosten_baseline -> 0 | I7: =-Table6_2[[#This Row],[Biomasse Real]]*'Mapping RealwerteSpielwerte'!$C$24+heizkosten_baseline -> 0.4 | J7: =-Table6_2[[#This Row],[Fernwärme Real]]*'Mapping RealwerteSpielwerte'!$C$25+heizkosten_baseline -> -2 | K7: =-Table6_2[[#This Row],[Grünes Gas Real]]*'Mapping RealwerteSpielwerte'!$C$26+heizkosten_baseline -> -8 | L7: =-Table6_2[[#This Row],[Wärmepumpe Real]]*'Mapping RealwerteSpielwerte'!$C$27+heizkosten_baseline -> 2
A8: 6 | B8: 80 | C8: =Table6_2[[#This Row],[HWB]]*'Mapping RealwerteSpielwerte'!$B$23 -> 8 | D8: =Table6_2[[#This Row],[HWB]]*'Mapping RealwerteSpielwerte'!$B$24 -> 6.4 | E8: =Table6_2[[#This Row],[HWB]]*'Mapping RealwerteSpielwerte'!$B$25 -> 16 | F8: =Table6_2[[#This Row],[HWB]]*'Mapping RealwerteSpielwerte'!$B$26 -> 40 | G8: =0 -> 0 | H8: =-Table6_2[[#This Row],[Gas Real]]*'Mapping RealwerteSpielwerte'!$C$23+heizkosten_baseline -> 0.4 | I8: =-Table6_2[[#This Row],[Biomasse Real]]*'Mapping RealwerteSpielwerte'!$C$24+heizkosten_baseline -> 0.72 | J8: =-Table6_2[[#This Row],[Fernwärme Real]]*'Mapping RealwerteSpielwerte'!$C$25+heizkosten_baseline -> -1.2 | K8: =-Table6_2[[#This Row],[Grünes Gas Real]]*'Mapping RealwerteSpielwerte'!$C$26+heizkosten_baseline -> -6 | L8: =-Table6_2[[#This Row],[Wärmepumpe Real]]*'Mapping RealwerteSpielwerte'!$C$27+heizkosten_baseline -> 2
A9: 7 | B9: 60 | C9: =Table6_2[[#This Row],[HWB]]*'Mapping RealwerteSpielwerte'!$B$23 -> 6 | D9: =Table6_2[[#This Row],[HWB]]*'Mapping RealwerteSpielwerte'!$B$24 -> 4.8 | E9: =Table6_2[[#This Row],[HWB]]*'Mapping RealwerteSpielwerte'!$B$25 -> 12 | F9: =Table6_2[[#This Row],[HWB]]*'Mapping RealwerteSpielwerte'!$B$26 -> 30 | G9: =0 -> 0 | H9: =-Table6_2[[#This Row],[Gas Real]]*'Mapping RealwerteSpielwerte'!$C$23+heizkosten_baseline -> 0.8 | I9: =-Table6_2[[#This Row],[Biomasse Real]]*'Mapping RealwerteSpielwerte'!$C$24+heizkosten_baseline -> 1.04 | J9: =-Table6_2[[#This Row],[Fernwärme Real]]*'Mapping RealwerteSpielwerte'!$C$25+heizkosten_baseline -> -0.4 | K9: =-Table6_2[[#This Row],[Grünes Gas Real]]*'Mapping RealwerteSpielwerte'!$C$26+heizkosten_baseline -> -4 | L9: =-Table6_2[[#This Row],[Wärmepumpe Real]]*'Mapping RealwerteSpielwerte'!$C$27+heizkosten_baseline -> 2
A10: 8 | B10: 40 | C10: =Table6_2[[#This Row],[HWB]]*'Mapping RealwerteSpielwerte'!$B$23 -> 4 | D10: =Table6_2[[#This Row],[HWB]]*'Mapping RealwerteSpielwerte'!$B$24 -> 3.2 | E10: =Table6_2[[#This Row],[HWB]]*'Mapping RealwerteSpielwerte'!$B$25 -> 8 | F10: =Table6_2[[#This Row],[HWB]]*'Mapping RealwerteSpielwerte'!$B$26 -> 20 | G10: =0 -> 0 | H10: =-Table6_2[[#This Row],[Gas Real]]*'Mapping RealwerteSpielwerte'!$C$23+heizkosten_baseline -> 1.2 | I10: =-Table6_2[[#This Row],[Biomasse Real]]*'Mapping RealwerteSpielwerte'!$C$24+heizkosten_baseline -> 1.36 | J10: =-Table6_2[[#This Row],[Fernwärme Real]]*'Mapping RealwerteSpielwerte'!$C$25+heizkosten_baseline -> 0.4 | K10: =-Table6_2[[#This Row],[Grünes Gas Real]]*'Mapping RealwerteSpielwerte'!$C$26+heizkosten_baseline -> -2 | L10: =-Table6_2[[#This Row],[Wärmepumpe Real]]*'Mapping RealwerteSpielwerte'!$C$27+heizkosten_baseline -> 2
A11: 9 | B11: 20 | C11: =Table6_2[[#This Row],[HWB]]*'Mapping RealwerteSpielwerte'!$B$23 -> 2 | D11: =Table6_2[[#This Row],[HWB]]*'Mapping RealwerteSpielwerte'!$B$24 -> 1.6 | E11: =Table6_2[[#This Row],[HWB]]*'Mapping RealwerteSpielwerte'!$B$25 -> 4 | F11: =Table6_2[[#This Row],[HWB]]*'Mapping RealwerteSpielwerte'!$B$26 -> 10 | G11: =0 -> 0 | H11: =-Table6_2[[#This Row],[Gas Real]]*'Mapping RealwerteSpielwerte'!$C$23+heizkosten_baseline -> 1.6 | I11: =-Table6_2[[#This Row],[Biomasse Real]]*'Mapping RealwerteSpielwerte'!$C$24+heizkosten_baseline -> 1.68 | J11: =-Table6_2[[#This Row],[Fernwärme Real]]*'Mapping RealwerteSpielwerte'!$C$25+heizkosten_baseline -> 1.2 | K11: =-Table6_2[[#This Row],[Grünes Gas Real]]*'Mapping RealwerteSpielwerte'!$C$26+heizkosten_baseline -> 0 | L11: =-Table6_2[[#This Row],[Wärmepumpe Real]]*'Mapping RealwerteSpielwerte'!$C$27+heizkosten_baseline -> 2

Sheet Board WP Netzbezug
A1: WS | B1: HWB | C1: Effizienz 0 | D1: Effizienz 1 | E1: Effizienz 2 | F1: Effizienz 3 | G1: Effizienz 4 | H1: Effizienz 5
A2: 0 | B2: 180 | C2: =Table7[[#This Row],[HWB]]/real_zu_spiel_strombedarf/COP_0 -> 36 | D2: =Table7[[#This Row],[HWB]]/real_zu_spiel_strombedarf/COP_1 -> 18 | E2: =Table7[[#This Row],[HWB]]/real_zu_spiel_strombedarf/COP_2 -> 14.4 | F2: =Table7[[#This Row],[HWB]]/real_zu_spiel_strombedarf/COP_3 -> 10.80108 | G2: =Table7[[#This Row],[HWB]]/real_zu_spiel_strombedarf/COP_4 -> 7.9200079 | H2: =Table7[[#This Row],[HWB]]/real_zu_spiel_strombedarf/COP_5 -> 5.4054054
A3: 1 | B3: 160 | C3: =Table7[[#This Row],[HWB]]/real_zu_spiel_strombedarf/COP_0 -> 32 | D3: =Table7[[#This Row],[HWB]]/real_zu_spiel_strombedarf/COP_1 -> 16 | E3: =Table7[[#This Row],[HWB]]/real_zu_spiel_strombedarf/COP_2 -> 12.8 | F3: =Table7[[#This Row],[HWB]]/real_zu_spiel_strombedarf/COP_3 -> 9.6009601 | G3: =Table7[[#This Row],[HWB]]/real_zu_spiel_strombedarf/COP_4 -> 7.040007 | H3: =Table7[[#This Row],[HWB]]/real_zu_spiel_strombedarf/COP_5 -> 4.8048048
A4: 2 | B4: 140 | C4: =Table7[[#This Row],[HWB]]/real_zu_spiel_strombedarf/COP_0 -> 28 | D4: =Table7[[#This Row],[HWB]]/real_zu_spiel_strombedarf/COP_1 -> 14 | E4: =Table7[[#This Row],[HWB]]/real_zu_spiel_strombedarf/COP_2 -> 11.2 | F4: =Table7[[#This Row],[HWB]]/real_zu_spiel_strombedarf/COP_3 -> 8.4008401 | G4: =Table7[[#This Row],[HWB]]/real_zu_spiel_strombedarf/COP_4 -> 6.1600062 | H4: =Table7[[#This Row],[HWB]]/real_zu_spiel_strombedarf/COP_5 -> 4.2042042
A5: 3 | B5: 120 | C5: =Table7[[#This Row],[HWB]]/real_zu_spiel_strombedarf/COP_0 -> 24 | D5: =Table7[[#This Row],[HWB]]/real_zu_spiel_strombedarf/COP_1 -> 12 | E5: =Table7[[#This Row],[HWB]]/real_zu_spiel_strombedarf/COP_2 -> 9.6 | F5: =Table7[[#This Row],[HWB]]/real_zu_spiel_strombedarf/COP_3 -> 7.2007201 | G5: =Table7[[#This Row],[HWB]]/real_zu_spiel_strombedarf/COP_4 -> 5.2800053 | H5: =Table7[[#This Row],[HWB]]/real_zu_spiel_strombedarf/COP_5 -> 3.6036036
A6: 4 | B6: 100 | C6: =Table7[[#This Row],[HWB]]/real_zu_spiel_strombedarf/COP_0 -> 20 | D6: =Table7[[#This Row],[HWB]]/real_zu_spiel_strombedarf/COP_1 -> 10 | E6: =Table7[[#This Row],[HWB]]/real_zu_spiel_strombedarf/COP_2 -> 8 | F6: =Table7[[#This Row],[HWB]]/real_zu_spiel_strombedarf/COP_3 -> 6.0006001 | G6: =Table7[[#This Row],[HWB]]/real_zu_spiel_strombedarf/COP_4 -> 4.4000044 | H6: =Table7[[#This Row],[HWB]]/real_zu_spiel_strombedarf/COP_5 -> 3.003003
A7: 5 | B7: 80 | C7: =Table7[[#This Row],[HWB]]/real_zu_spiel_strombedarf/COP_0 -> 16 | D7: =Table7[[#This Row],[HWB]]/real_zu_spiel_strombedarf/COP_1 -> 8 | E7: =Table7[[#This Row],[HWB]]/real_zu_spiel_strombedarf/COP_2 -> 6.4 | F7: =Table7[[#This Row],[HWB]]/real_zu_spiel_strombedarf/COP_3 -> 4.80048 | G7: =Table7[[#This Row],[HWB]]/real_zu_spiel_strombedarf/COP_4 -> 3.5200035 | H7: =Table7[[#This Row],[HWB]]/real_zu_spiel_strombedarf/COP_5 -> 2.4024024
A8: 6 | B8: 60 | C8: =Table7[[#This Row],[HWB]]/real_zu_spiel_strombedarf/COP_0 -> 12 | D8: =Table7[[#This Row],[HWB]]/real_zu_spiel_strombedarf/COP_1 -> 6 | E8: =Table7[[#This Row],[HWB]]/real_zu_spiel_strombedarf/COP_2 -> 4.8 | F8: =Table7[[#This Row],[HWB]]/real_zu_spiel_strombedarf/COP_3 -> 3.60036 | G8: =Table7[[#This Row],[HWB]]/real_zu_spiel_strombedarf/COP_4 -> 2.6400026 | H8: =Table7[[#This Row],[HWB]]/real_zu_spiel_strombedarf/COP_5 -> 1.8018018
A9: 7 | B9: 40 | C9: =Table7[[#This Row],[HWB]]/real_zu_spiel_strombedarf/COP_0 -> 8 | D9: =Table7[[#This Row],[HWB]]/real_zu_spiel_strombedarf/COP_1 -> 4 | E9: =Table7[[#This Row],[HWB]]/real_zu_spiel_strombedarf/COP_2 -> 3.2 | F9: =Table7[[#This Row],[HWB]]/real_zu_spiel_strombedarf/COP_3 -> 2.40024 | G9: =Table7[[#This Row],[HWB]]/real_zu_spiel_strombedarf/COP_4 -> 1.7600018 | H9: =Table7[[#This Row],[HWB]]/real_zu_spiel_strombedarf/COP_5 -> 1.2012012
A10: 8 | B10: 20 | C10: =Table7[[#This Row],[HWB]]/real_zu_spiel_strombedarf/COP_0 -> 4 | D10: =Table7[[#This Row],[HWB]]/real_zu_spiel_strombedarf/COP_1 -> 2 | E10: =Table7[[#This Row],[HWB]]/real_zu_spiel_strombedarf/COP_2 -> 1.6 | F10: =Table7[[#This Row],[HWB]]/real_zu_spiel_strombedarf/COP_3 -> 1.20012 | G10: =Table7[[#This Row],[HWB]]/real_zu_spiel_strombedarf/COP_4 -> 0.88000088 | H10: =Table7[[#This Row],[HWB]]/real_zu_spiel_strombedarf/COP_5 -> 0.6006006
A11: 9 | B11: 0 | C11: =Table7[[#This Row],[HWB]]/real_zu_spiel_strombedarf/COP_0 -> 0 | D11: =Table7[[#This Row],[HWB]]/real_zu_spiel_strombedarf/COP_1 -> 0 | E11: =Table7[[#This Row],[HWB]]/real_zu_spiel_strombedarf/COP_2 -> 0 | F11: =Table7[[#This Row],[HWB]]/real_zu_spiel_strombedarf/COP_3 -> 0 | G11: =Table7[[#This Row],[HWB]]/real_zu_spiel_strombedarf/COP_4 -> 0 | H11: =Table7[[#This Row],[HWB]]/real_zu_spiel_strombedarf/COP_5 -> 0

Sheet Netzbezug Impact
A1: Netzbezug | B1: Netzbezug Real | C1: Kosten Real | D1: Budget | E1: Emissionen Runde 1 Real | F1: Emissionen Runde 2 Real | G1: Emissionen Runde 3 Real | H1: Emissionen Runde 4 Real | I1: SP Runde 1 | J1: SP Runde 2 | K1: SP Runde 3 | L1: SP Runde 4
A2: 0 | B2: =Table8[[#This Row],[Netzbezug]]*real_zu_spiel_netzbezug -> 0 | C2: =Table8[[#This Row],[Netzbezug Real]]*'Mapping RealwerteSpielwerte'!$B$27 -> 0 | D2: 0 | E2: =Table8[[#This Row],[Netzbezug Real]]*real_zu_spiel_emissionsintensität_1*years_per_round -> 0 | F2: =Table8[[#This Row],[Netzbezug Real]]*real_zu_spiel_emissionsintensität_2*years_per_round -> 0 | G2: =Table8[[#This Row],[Netzbezug Real]]*real_zu_spiel_emissionsintensität_3*years_per_round -> 0 | H2: =Table8[[#This Row],[Netzbezug Real]]*real_zu_spiel_emissionsintensität_4*years_per_round -> 0 | I2: =Table8[[#This Row],[Netzbezug Real]]*real_zu_spiel_emissionsintensität_1*years_per_round -> 0 | J2: =Table8[[#This Row],[Netzbezug Real]]*real_zu_spiel_emissionsintensität_2*years_per_round -> 0 | K2: =Table8[[#This Row],[Netzbezug Real]]*real_zu_spiel_emissionsintensität_3*years_per_round -> 0 | L2: =Table8[[#This Row],[Netzbezug Real]]*real_zu_spiel_emissionsintensität_4*years_per_round -> 0
A3: 1 | B3: =Table8[[#This Row],[Netzbezug]]*real_zu_spiel_netzbezug -> 5 | C3: =Table8[[#This Row],[Netzbezug Real]]*'Mapping RealwerteSpielwerte'!$B$27 -> 0.75 | D3: 0 | E3: =Table8[[#This Row],[Netzbezug Real]]*real_zu_spiel_emissionsintensität_1*years_per_round -> 2.5 | F3: =Table8[[#This Row],[Netzbezug Real]]*real_zu_spiel_emissionsintensität_2*years_per_round -> 1.25 | G3: =Table8[[#This Row],[Netzbezug Real]]*real_zu_spiel_emissionsintensität_3*years_per_round -> 0.75 | H3: =Table8[[#This Row],[Netzbezug Real]]*real_zu_spiel_emissionsintensität_4*years_per_round -> 0.375 | I3: =Table8[[#This Row],[Netzbezug Real]]*real_zu_spiel_emissionsintensität_1*years_per_round -> 2.5 | J3: =Table8[[#This Row],[Netzbezug Real]]*real_zu_spiel_emissionsintensität_2*years_per_round -> 1.25 | K3: =Table8[[#This Row],[Netzbezug Real]]*real_zu_spiel_emissionsintensität_3*years_per_round -> 0.75 | L3: =Table8[[#This Row],[Netzbezug Real]]*real_zu_spiel_emissionsintensität_4*years_per_round -> 0.375
A4: 2 | B4: =Table8[[#This Row],[Netzbezug]]*real_zu_spiel_netzbezug -> 10 | C4: =Table8[[#This Row],[Netzbezug Real]]*'Mapping RealwerteSpielwerte'!$B$27 -> 1.5 | D4: 0 | E4: =Table8[[#This Row],[Netzbezug Real]]*real_zu_spiel_emissionsintensität_1*years_per_round -> 5 | F4: =Table8[[#This Row],[Netzbezug Real]]*real_zu_spiel_emissionsintensität_2*years_per_round -> 2.5 | G4: =Table8[[#This Row],[Netzbezug Real]]*real_zu_spiel_emissionsintensität_3*years_per_round -> 1.5 | H4: =Table8[[#This Row],[Netzbezug Real]]*real_zu_spiel_emissionsintensität_4*years_per_round -> 0.75 | I4: =Table8[[#This Row],[Netzbezug Real]]*real_zu_spiel_emissionsintensität_1*years_per_round -> 5 | J4: =Table8[[#This Row],[Netzbezug Real]]*real_zu_spiel_emissionsintensität_2*years_per_round -> 2.5 | K4: =Table8[[#This Row],[Netzbezug Real]]*real_zu_spiel_emissionsintensität_3*years_per_round -> 1.5 | L4: =Table8[[#This Row],[Netzbezug Real]]*real_zu_spiel_emissionsintensität_4*years_per_round -> 0.75
A5: 3 | B5: =Table8[[#This Row],[Netzbezug]]*real_zu_spiel_netzbezug -> 15 | C5: =Table8[[#This Row],[Netzbezug Real]]*'Mapping RealwerteSpielwerte'!$B$27 -> 2.25 | D5: 0 | E5: =Table8[[#This Row],[Netzbezug Real]]*real_zu_spiel_emissionsintensität_1*years_per_round -> 7.5 | F5: =Table8[[#This Row],[Netzbezug Real]]*real_zu_spiel_emissionsintensität_2*years_per_round -> 3.75 | G5: =Table8[[#This Row],[Netzbezug Real]]*real_zu_spiel_emissionsintensität_3*years_per_round -> 2.25 | H5: =Table8[[#This Row],[Netzbezug Real]]*real_zu_spiel_emissionsintensität_4*years_per_round -> 1.125 | I5: =Table8[[#This Row],[Netzbezug Real]]*real_zu_spiel_emissionsintensität_1*years_per_round -> 7.5 | J5: =Table8[[#This Row],[Netzbezug Real]]*real_zu_spiel_emissionsintensität_2*years_per_round -> 3.75 | K5: =Table8[[#This Row],[Netzbezug Real]]*real_zu_spiel_emissionsintensität_3*years_per_round -> 2.25 | L5: =Table8[[#This Row],[Netzbezug Real]]*real_zu_spiel_emissionsintensität_4*years_per_round -> 1.125
A6: 4 | B6: =Table8[[#This Row],[Netzbezug]]*real_zu_spiel_netzbezug -> 20 | C6: =Table8[[#This Row],[Netzbezug Real]]*'Mapping RealwerteSpielwerte'!$B$27 -> 3 | D6: -1 | E6: =Table8[[#This Row],[Netzbezug Real]]*real_zu_spiel_emissionsintensität_1*years_per_round -> 10 | F6: =Table8[[#This Row],[Netzbezug Real]]*real_zu_spiel_emissionsintensität_2*years_per_round -> 5 | G6: =Table8[[#This Row],[Netzbezug Real]]*real_zu_spiel_emissionsintensität_3*years_per_round -> 3 | H6: =Table8[[#This Row],[Netzbezug Real]]*real_zu_spiel_emissionsintensität_4*years_per_round -> 1.5 | I6: =Table8[[#This Row],[Netzbezug Real]]*real_zu_spiel_emissionsintensität_1*years_per_round -> 10 | J6: =Table8[[#This Row],[Netzbezug Real]]*real_zu_spiel_emissionsintensität_2*years_per_round -> 5 | K6: =Table8[[#This Row],[Netzbezug Real]]*real_zu_spiel_emissionsintensität_3*years_per_round -> 3 | L6: =Table8[[#This Row],[Netzbezug Real]]*real_zu_spiel_emissionsintensität_4*years_per_round -> 1.5
A7: 5 | B7: =Table8[[#This Row],[Netzbezug]]*real_zu_spiel_netzbezug -> 25 | C7: =Table8[[#This Row],[Netzbezug Real]]*'Mapping RealwerteSpielwerte'!$B$27 -> 3.75 | D7: -1 | E7: =Table8[[#This Row],[Netzbezug Real]]*real_zu_spiel_emissionsintensität_1*years_per_round -> 12.5 | F7: =Table8[[#This Row],[Netzbezug Real]]*real_zu_spiel_emissionsintensität_2*years_per_round -> 6.25 | G7: =Table8[[#This Row],[Netzbezug Real]]*real_zu_spiel_emissionsintensität_3*years_per_round -> 3.75 | H7: =Table8[[#This Row],[Netzbezug Real]]*real_zu_spiel_emissionsintensität_4*years_per_round -> 1.875 | I7: =Table8[[#This Row],[Netzbezug Real]]*real_zu_spiel_emissionsintensität_1*years_per_round -> 12.5 | J7: =Table8[[#This Row],[Netzbezug Real]]*real_zu_spiel_emissionsintensität_2*years_per_round -> 6.25 | K7: =Table8[[#This Row],[Netzbezug Real]]*real_zu_spiel_emissionsintensität_3*years_per_round -> 3.75 | L7: =Table8[[#This Row],[Netzbezug Real]]*real_zu_spiel_emissionsintensität_4*years_per_round -> 1.875
A8: 6 | B8: =Table8[[#This Row],[Netzbezug]]*real_zu_spiel_netzbezug -> 30 | C8: =Table8[[#This Row],[Netzbezug Real]]*'Mapping RealwerteSpielwerte'!$B$27 -> 4.5 | D8: -1 | E8: =Table8[[#This Row],[Netzbezug Real]]*real_zu_spiel_emissionsintensität_1*years_per_round -> 15 | F8: =Table8[[#This Row],[Netzbezug Real]]*real_zu_spiel_emissionsintensität_2*years_per_round -> 7.5 | G8: =Table8[[#This Row],[Netzbezug Real]]*real_zu_spiel_emissionsintensität_3*years_per_round -> 4.5 | H8: =Table8[[#This Row],[Netzbezug Real]]*real_zu_spiel_emissionsintensität_4*years_per_round -> 2.25 | I8: =Table8[[#This Row],[Netzbezug Real]]*real_zu_spiel_emissionsintensität_1*years_per_round -> 15 | J8: =Table8[[#This Row],[Netzbezug Real]]*real_zu_spiel_emissionsintensität_2*years_per_round -> 7.5 | K8: =Table8[[#This Row],[Netzbezug Real]]*real_zu_spiel_emissionsintensität_3*years_per_round -> 4.5 | L8: =Table8[[#This Row],[Netzbezug Real]]*real_zu_spiel_emissionsintensität_4*years_per_round -> 2.25
A9: 7 | B9: =Table8[[#This Row],[Netzbezug]]*real_zu_spiel_netzbezug -> 35 | C9: =Table8[[#This Row],[Netzbezug Real]]*'Mapping RealwerteSpielwerte'!$B$27 -> 5.25 | D9: -1 | E9: =Table8[[#This Row],[Netzbezug Real]]*real_zu_spiel_emissionsintensität_1*years_per_round -> 17.5 | F9: =Table8[[#This Row],[Netzbezug Real]]*real_zu_spiel_emissionsintensität_2*years_per_round -> 8.75 | G9: =Table8[[#This Row],[Netzbezug Real]]*real_zu_spiel_emissionsintensität_3*years_per_round -> 5.25 | H9: =Table8[[#This Row],[Netzbezug Real]]*real_zu_spiel_emissionsintensität_4*years_per_round -> 2.625 | I9: =Table8[[#This Row],[Netzbezug Real]]*real_zu_spiel_emissionsintensität_1*years_per_round -> 17.5 | J9: =Table8[[#This Row],[Netzbezug Real]]*real_zu_spiel_emissionsintensität_2*years_per_round -> 8.75 | K9: =Table8[[#This Row],[Netzbezug Real]]*real_zu_spiel_emissionsintensität_3*years_per_round -> 5.25 | L9: =Table8[[#This Row],[Netzbezug Real]]*real_zu_spiel_emissionsintensität_4*years_per_round -> 2.625
A10: 8 | B10: =Table8[[#This Row],[Netzbezug]]*real_zu_spiel_netzbezug -> 40 | C10: =Table8[[#This Row],[Netzbezug Real]]*'Mapping RealwerteSpielwerte'!$B$27 -> 6 | D10: -1 | E10: =Table8[[#This Row],[Netzbezug Real]]*real_zu_spiel_emissionsintensität_1*years_per_round -> 20 | F10: =Table8[[#This Row],[Netzbezug Real]]*real_zu_spiel_emissionsintensität_2*years_per_round -> 10 | G10: =Table8[[#This Row],[Netzbezug Real]]*real_zu_spiel_emissionsintensität_3*years_per_round -> 6 | H10: =Table8[[#This Row],[Netzbezug Real]]*real_zu_spiel_emissionsintensität_4*years_per_round -> 3 | I10: =Table8[[#This Row],[Netzbezug Real]]*real_zu_spiel_emissionsintensität_1*years_per_round -> 20 | J10: =Table8[[#This Row],[Netzbezug Real]]*real_zu_spiel_emissionsintensität_2*years_per_round -> 10 | K10: =Table8[[#This Row],[Netzbezug Real]]*real_zu_spiel_emissionsintensität_3*years_per_round -> 6 | L10: =Table8[[#This Row],[Netzbezug Real]]*real_zu_spiel_emissionsintensität_4*years_per_round -> 3
A11: 9 | B11: =Table8[[#This Row],[Netzbezug]]*real_zu_spiel_netzbezug -> 45 | C11: =Table8[[#This Row],[Netzbezug Real]]*'Mapping RealwerteSpielwerte'!$B$27 -> 6.75 | D11: -1 | E11: =Table8[[#This Row],[Netzbezug Real]]*real_zu_spiel_emissionsintensität_1*years_per_round -> 22.5 | F11: =Table8[[#This Row],[Netzbezug Real]]*real_zu_spiel_emissionsintensität_2*years_per_round -> 11.25 | G11: =Table8[[#This Row],[Netzbezug Real]]*real_zu_spiel_emissionsintensität_3*years_per_round -> 6.75 | H11: =Table8[[#This Row],[Netzbezug Real]]*real_zu_spiel_emissionsintensität_4*years_per_round -> 3.375 | I11: =Table8[[#This Row],[Netzbezug Real]]*real_zu_spiel_emissionsintensität_1*years_per_round -> 22.5 | J11: =Table8[[#This Row],[Netzbezug Real]]*real_zu_spiel_emissionsintensität_2*years_per_round -> 11.25 | K11: =Table8[[#This Row],[Netzbezug Real]]*real_zu_spiel_emissionsintensität_3*years_per_round -> 6.75 | L11: =Table8[[#This Row],[Netzbezug Real]]*real_zu_spiel_emissionsintensität_4*years_per_round -> 3.375
A12: 10 | B12: =Table8[[#This Row],[Netzbezug]]*real_zu_spiel_netzbezug -> 50 | C12: =Table8[[#This Row],[Netzbezug Real]]*'Mapping RealwerteSpielwerte'!$B$27 -> 7.5 | D12: -2 | E12: =Table8[[#This Row],[Netzbezug Real]]*real_zu_spiel_emissionsintensität_1*years_per_round -> 25 | F12: =Table8[[#This Row],[Netzbezug Real]]*real_zu_spiel_emissionsintensität_2*years_per_round -> 12.5 | G12: =Table8[[#This Row],[Netzbezug Real]]*real_zu_spiel_emissionsintensität_3*years_per_round -> 7.5 | H12: =Table8[[#This Row],[Netzbezug Real]]*real_zu_spiel_emissionsintensität_4*years_per_round -> 3.75 | I12: =Table8[[#This Row],[Netzbezug Real]]*real_zu_spiel_emissionsintensität_1*years_per_round -> 25 | J12: =Table8[[#This Row],[Netzbezug Real]]*real_zu_spiel_emissionsintensität_2*years_per_round -> 12.5 | K12: =Table8[[#This Row],[Netzbezug Real]]*real_zu_spiel_emissionsintensität_3*years_per_round -> 7.5 | L12: =Table8[[#This Row],[Netzbezug Real]]*real_zu_spiel_emissionsintensität_4*years_per_round -> 3.75
A13: 11 | B13: =Table8[[#This Row],[Netzbezug]]*real_zu_spiel_netzbezug -> 55 | C13: =Table8[[#This Row],[Netzbezug Real]]*'Mapping RealwerteSpielwerte'!$B$27 -> 8.25 | D13: -2 | E13: =Table8[[#This Row],[Netzbezug Real]]*real_zu_spiel_emissionsintensität_1*years_per_round -> 27.5 | F13: =Table8[[#This Row],[Netzbezug Real]]*real_zu_spiel_emissionsintensität_2*years_per_round -> 13.75 | G13: =Table8[[#This Row],[Netzbezug Real]]*real_zu_spiel_emissionsintensität_3*years_per_round -> 8.25 | H13: =Table8[[#This Row],[Netzbezug Real]]*real_zu_spiel_emissionsintensität_4*years_per_round -> 4.125 | I13: =Table8[[#This Row],[Netzbezug Real]]*real_zu_spiel_emissionsintensität_1*years_per_round -> 27.5 | J13: =Table8[[#This Row],[Netzbezug Real]]*real_zu_spiel_emissionsintensität_2*years_per_round -> 13.75 | K13: =Table8[[#This Row],[Netzbezug Real]]*real_zu_spiel_emissionsintensität_3*years_per_round -> 8.25 | L13: =Table8[[#This Row],[Netzbezug Real]]*real_zu_spiel_emissionsintensität_4*years_per_round -> 4.125
... A37: 35 | B37: =Table8[[#This Row],[Netzbezug]]*real_zu_spiel_netzbezug -> 175 | C37: =Table8[[#This Row],[Netzbezug Real]]*'Mapping RealwerteSpielwerte'!$B$27 -> 26.25 | D37: -5 | E37: =Table8[[#This Row],[Netzbezug Real]]*real_zu_spiel_emissionsintensität_1*years_per_round -> 87.5 | F37: =Table8[[#This Row],[Netzbezug Real]]*real_zu_spiel_emissionsintensität_2*years_per_round -> 43.75 | G37: =Table8[[#This Row],[Netzbezug Real]]*real_zu_spiel_emissionsintensität_3*years_per_round -> 26.25 | H37: =Table8[[#This Row],[Netzbezug Real]]*real_zu_spiel_emissionsintensität_4*years_per_round -> 13.125 | I37: =Table8[[#This Row],[Netzbezug Real]]*real_zu_spiel_emissionsintensität_1*years_per_round -> 87.5 | J37: =Table8[[#This Row],[Netzbezug Real]]*real_zu_spiel_emissionsintensität_2*years_per_round -> 43.75 | K37: =Table8[[#This Row],[Netzbezug Real]]*real_zu_spiel_emissionsintensität_3*years_per_round -> 26.25 | L37: =Table8[[#This Row],[Netzbezug Real]]*real_zu_spiel_emissionsintensität_4*years_per_round -> 13.125
